-- encoding UTF-8
-- 
-- generated by Jailer 5.0.2, Tue Jan 12 16:16:01 CET 2016 from jreschke@CE08657
-- 
-- Extraction Model:  integrated.person where last_name = 'Kohl' (C:\Users\jreschke\Documents\HPI\Informationsintegration\jailer-for-integrated\person-subset.csv)
-- Database:          PostgreSQL
-- Database URL:      jdbc:postgresql:infoint
-- Database User:     infoint
-- 
-- Exported Rows:     1182
-- 
--     almamater                      1
--     birth                          114
--     candidacy                      1
--     constituency                   1
--     country                        4
--     death                          34
--     occupation                     165
--     parliament                     1
--     party                          2
--     person                         466
--     person_country                 4
--     person_occupation              284
--     person_party                   2
--     place                          14
--     politician                     2
--     related_to                     84
--     university                     1
--     work                           2
-- 
SET client_encoding = 'UTF8';
Insert into integrated.constituency(uuid, name, area_codes) values 
 ('{3E06F282-5DB0-453F-AADE-255191951978}', 'Leipzig 7', '{4158,4315,4317,4347,4349,4356,4357}');
Insert into integrated.parliament(uuid, name, start_date, end_date, election_date) values 
 ('{E19542ED-9859-4C33-86B8-8D0FEE3B6134}', 'Sachsen', '2014-08-05', '2017-11-11', '2014-08-31');
Insert into integrated.occupation(id, label) values 
 (667, 'Leiter'), 
 (147, 'Geograf'), 
 (207, 'Geologe'), 
 (300, 'Chorleiter'), 
 (4, 'Volkswirtin'), 
 (660, 'Schreiber'), 
 (30, 'Schriftstellerin'), 
 (303, 'Bankier'), 
 (565, 'Bioinformatiker'), 
 (125, 'Zoologe'), 
 (293, 'Unternehmer'), 
 (38, 'Autorin'), 
 (2247, 'Patriziat'), 
 (654, 'Deutschlehrerin'), 
 (365, 'Ehefrau'), 
 (852, 'Kommunikationswissenschaftler'), 
 (33, 'Soldat'), 
 (163, 'Historiker'), 
 (73, 'Lehrer'), 
 (270, 'Autor'), 
 (2352, 'Erziehungswissenschaftlerin'), 
 (119, 'Anthropologe'), 
 (4520, 'Sprachtrainerin'), 
 (399, 'Anarchist'), 
 (121, 'Assistenzarzt'), 
 (241, 'Unternehmensberater'), 
 (81, 'Mathematikerin'), 
 (48, 'Arzt'), 
 (337, 'Orientalist'), 
 (679, 'Biochemiker'), 
 (294, 'Kupferstecher'), 
 (677, 'Dolmetscherin'), 
 (27, 'Psychologin'), 
 (32, 'Maler'), 
 (340, 'Schlosser'), 
 (1249, 'Dipl.-Ing.'), 
 (64, 'Illustratorin'), 
 (2586, 'Karikaturistin'), 
 (9206, 'Pallottiner'), 
 (251, 'Philologe'), 
 (255, 'Realschullehrer'), 
 (45, 'Ingenieur'), 
 (396, 'Ingenieurin'), 
 (43, 'Pädagoge'), 
 (34, 'Politiker'), 
 (467, 'Grafikerin'), 
 (15, 'Schauspielerin'), 
 (1, 'Philologin'), 
 (707, 'Drucker'), 
 (367, 'Buchhändler');
Insert into integrated.occupation(id, label) values 
 (88, 'Offizier'), 
 (79, 'Fotograf'), 
 (10, 'Künstler'), 
 (448, 'Sportlehrer'), 
 (1768, 'Bassist'), 
 (28096, 'Linguistic engineer'), 
 (374, 'Diplomkaufmann'), 
 (493, 'Agrarwissenschaftler'), 
 (33044, 'diplomat'), 
 (17, 'Jurist'), 
 (3673, 'Pferdewirtin'), 
 (28, 'Soziologe'), 
 (784, 'Studienrat'), 
 (483, 'Anthropologin'), 
 (5650, 'Produktionsleiter'), 
 (58, 'Schriftsteller'), 
 (829, 'Ratsherr'), 
 (196, 'Theologe'), 
 (6690, 'Mitwirkung'), 
 (101, 'Japanologe'), 
 (2735, 'Saxophonistin'), 
 (768, 'Konditor'), 
 (124, 'Entomologe'), 
 (1114, 'Kostümbildnerin'), 
 (901, 'Erzieherin'), 
 (626, 'Techniker'), 
 (276, 'Kinderbuchautorin'), 
 (23, 'Schauspieler'), 
 (35, 'Juristin'), 
 (61, 'Katholischer Theologe'), 
 (65, 'Politologe'), 
 (2642, 'Radierer'), 
 (86, 'Biologin'), 
 (87, 'Klassischer Philologe'), 
 (183, 'Musikerin'), 
 (3854, 'Ernährungsberater'), 
 (187, 'Assistenzärztin'), 
 (67, 'Komponist'), 
 (363, 'Kunstsammler'), 
 (7, 'Volkswirt'), 
 (181, 'Übersetzer'), 
 (453, 'Augenarzt'), 
 (184, 'Archäologe'), 
 (3043, 'Kosmetikerin'), 
 (114, 'Ökotrophologin'), 
 (726, 'Wirtschaftslehrer'), 
 (7699, 'Dipl.-Biologin'), 
 (5, 'Architekt'), 
 (13, 'Pfarrer'), 
 (113, 'Ärztin');
Insert into integrated.occupation(id, label) values 
 (281, 'Bildhauer'), 
 (49, 'Pädagogin'), 
 (116, 'Fotografin'), 
 (44, 'Journalist'), 
 (7790, 'Toningenieurin'), 
 (22, 'Regisseur'), 
 (918, 'Chemieingenieurin'), 
 (133, 'Informatiker'), 
 (1354, 'Epidemiologe'), 
 (62, 'Designer'), 
 (342, 'Industriekaufmann'), 
 (32634, 'Ideenbegleiter'), 
 (579, 'Ethnologe'), 
 (5150, 'Fleischermeister'), 
 (24552, 'Dipl.-Ingenieur (FH)'), 
 (16355, 'Prof., Dr.'), 
 (1188, 'Internist'), 
 (165, 'Sportwissenschaftler'), 
 (56, 'Diplomat'), 
 (233, 'Informatikerin'), 
 (54, 'Germanistin'), 
 (400, 'Bürgermeister'), 
 (1042, 'Bergmann'), 
 (112, 'Wirtschaftsinformatiker'), 
 (466, 'Musikinstrumentenbauer'), 
 (378, 'Bauingenieur'), 
 (168, 'Student'), 
 (29638, 'Blindenführhund-Ausbilderin'), 
 (92, 'Dozentin'), 
 (51, 'Künstlerin'), 
 (215, 'Kaufmann'), 
 (3, 'Musiker'), 
 (47, 'Physiker'), 
 (131, 'Koch'), 
 (72, 'Biologe'), 
 (2302, 'Diplompädagogin'), 
 (2907, 'Oberbaurat'), 
 (398, 'Kameramann'), 
 (19, 'Psychologe'), 
 (408, 'Botaniker'), 
 (108, 'Verleger'), 
 (8512, 'Medizinerin'), 
 (105, 'Archivar'), 
 (93, 'Kunsthistorikerin'), 
 (2049, 'Chemotechniker'), 
 (442, 'Kuratorin'), 
 (237, 'Kinderarzt'), 
 (326, 'Rechtsanwalt'), 
 (259, 'Zahnarzt'), 
 (6807, 'Medizinischer Informatiker');
Insert into integrated.occupation(id, label) values 
 (1993, 'Neurologin'), 
 (3474, 'Photohistoriker'), 
 (1328, 'Astronom'), 
 (1595, 'Toningenieur'), 
 (126, 'Journalistin'), 
 (511, 'Sozialwissenschaftler'), 
 (146, 'Sänger'), 
 (139, 'Wirtschaftswissenschaftler'), 
 (419, 'Wirtschaftsjurist'), 
 (306, 'Apotheker'), 
 (747, 'Buchdrucker'), 
 (33173, 'politician'), 
 (2973, 'Bürger'), 
 (7659, 'Handlungsreisender'), 
 (26, 'Philosoph');
Insert into integrated.university(uri, name) values 
 ('http://dbpedia.org/resource/Heidelberg_University', 'Heidelberg University');
Insert into integrated.party(id, uri, name) values 
 (53, null, 'Freie Bürger'), 
 (137, 'http://dbpedia.org/resource/Christian_Democratic_Union_of_Germany', 'Christlich Demokratische Union Deutschlands');
Insert into integrated.person(id, first_name, last_name, gender, email, url, twitter, degree, education, dbpedia_uri, wikidata_id, nyt_id, associated_articles_count, nyt_definition) values 
 (2265, 'Adrian', 'Kohl', 'm', null, null, null, null, null, null, null, null, null, null), 
 (9674, 'Annika Maria', 'Kohl', null, null, null, null, null, null, null, null, null, null, null), 
 (9925, 'Josef A.', 'Kohl', null, null, null, null, null, null, null, null, null, null, null), 
 (12208, 'Uta', 'Kohl', 'f', null, null, null, null, null, null, null, null, null, null), 
 (20118, 'Jeanette', 'Kohl', 'f', null, null, null, null, null, null, null, null, null, null), 
 (20754, 'Michael C.', 'Kohl', null, null, null, null, null, null, null, null, null, null, null), 
 (21302, 'Thomas', 'Kohl', 'm', null, null, null, null, null, null, null, null, null, null), 
 (30726, 'Ferdinand', 'Kohl', 'm', null, null, null, null, null, null, null, null, null, null), 
 (40042, 'Johann Nicolaus', 'Kohl', null, null, null, null, null, null, null, null, null, null, null), 
 (50799, 'Friedrich Emil', 'Kohl', null, null, null, null, null, null, null, null, null, null, null), 
 (50905, 'Sidney', 'Kohl', null, null, null, null, null, null, null, null, null, null, null), 
 (57773, 'Ernst', 'Kohl', null, null, null, null, null, null, null, null, null, null, null), 
 (64299, 'Marie-Anne', 'Kohl', 'f', null, null, null, null, null, null, null, null, null, null), 
 (66744, 'Alfred', 'Kohl', 'm', null, null, null, null, null, null, null, null, null, null), 
 (67862, 'Susanne A.', 'Kohl', 'f', null, null, null, null, null, null, null, null, null, null), 
 (67971, 'Wilhelm', 'Kohl', 'm', null, null, null, null, null, null, null, null, null, null), 
 (105261, 'Wilhelm', 'Kohl', 'm', null, null, null, null, null, null, null, null, null, null), 
 (106573, 'Sarah', 'Kohl', 'f', null, null, null, null, null, null, null, null, null, null), 
 (112562, 'Christine H.', 'Kohl', 'f', null, null, null, null, null, null, null, null, null, null), 
 (116804, 'Alois', 'Kohl', 'm', null, null, null, null, null, null, null, null, null, null), 
 (121551, 'Frank Stephan', 'Kohl', null, null, null, null, null, null, null, null, null, null, null), 
 (127485, 'Juliana', 'Kohl', 'f', null, null, null, null, null, null, null, null, null, null), 
 (140257, 'Bastian', 'Kohl', 'm', null, null, null, null, null, null, null, null, null, null), 
 (158719, 'Waldemar', 'Kohl', 'm', null, null, null, null, null, null, null, null, null, null), 
 (171199, 'Albert', 'Kohl', null, null, null, null, null, null, null, null, null, null, null), 
 (185851, 'Christianus', 'Kohl', null, null, null, null, null, null, null, null, null, null, null), 
 (188017, 'Albert', 'Kohl', 'm', null, null, null, null, null, null, null, null, null, null), 
 (188019, 'Michael', 'Kohl', 'm', null, null, null, null, null, null, null, null, null, null), 
 (188030, 'Wolf', 'Kohl', 'm', null, null, null, null, null, null, null, null, null, null), 
 (191027, 'Bert', 'Kohl', 'm', null, null, null, null, null, null, null, null, null, null), 
 (192799, 'Florian', 'Kohl', null, null, null, null, null, null, null, null, null, null, null), 
 (207890, 'Joseph', 'Kohl', null, null, null, null, null, null, null, null, null, null, null), 
 (213449, 'Gerhard', 'Kohl', 'm', null, null, null, null, null, null, null, null, null, null), 
 (238625, 'Ludwig', 'Kohl', null, null, null, null, null, null, null, null, null, null, null), 
 (238693, 'Claudia Maria', 'Kohl', 'f', null, null, null, null, null, null, null, null, null, null), 
 (240340, 'Willy', 'Kohl', null, null, null, null, null, null, null, null, null, null, null), 
 (274136, 'Werner', 'Kohl', 'm', null, null, null, null, null, null, null, null, null, null), 
 (279206, 'Ernst Heinrich', 'Kohl', 'm', null, null, null, null, null, null, null, null, null, null), 
 (295807, 'Johannes', 'Kohl', null, null, null, null, null, null, null, null, null, null, null), 
 (299361, 'Tobias', 'Kohl', null, null, null, null, null, null, null, null, null, null, null), 
 (325018, 'Hanne', 'Kohl', 'f', null, null, null, null, null, null, null, null, null, null), 
 (333250, 'Axel', 'Kohl', null, null, null, null, null, null, null, null, null, null, null), 
 (366462, 'Manfred Waldemar', 'Kohl', null, null, null, null, null, null, null, null, null, null, null), 
 (373710, 'Reinhold', 'Kohl', null, null, null, null, null, null, null, null, null, null, null), 
 (376039, 'Heinz Walter', 'Kohl', 'm', null, null, null, null, null, null, null, null, null, null), 
 (380858, 'Marcel', 'Kohl', null, null, null, null, null, null, null, null, null, null, null), 
 (403493, 'Gerald', 'Kohl', 'm', null, null, null, null, null, null, null, null, null, null), 
 (404257, 'Gustav', 'Kohl', 'm', null, null, null, null, null, null, null, null, null, null), 
 (404568, 'Matthias', 'Kohl', 'm', null, null, null, null, null, null, null, null, null, null), 
 (409151, 'Maurice', 'Kohl', 'm', null, null, null, null, null, null, null, null, null, null);
Insert into integrated.person(id, first_name, last_name, gender, email, url, twitter, degree, education, dbpedia_uri, wikidata_id, nyt_id, associated_articles_count, nyt_definition) values 
 (417205, 'Stefan', 'Kohl', 'm', null, null, null, null, null, null, null, null, null, null), 
 (436002, 'Tobias', 'Kohl', 'm', null, null, null, null, null, null, null, null, null, null), 
 (439877, 'Hans', 'Kohl', 'm', null, null, null, null, null, null, null, null, null, null), 
 (463188, 'Meike', 'Kohl', 'f', null, null, null, null, null, null, null, null, null, null), 
 (466223, 'Lars', 'Kohl', 'm', null, null, null, null, null, null, null, null, null, null), 
 (473091, 'Franz Theodor', 'Kohl', null, null, null, null, null, null, null, null, null, null, null), 
 (474280, 'Thomas', 'Kohl', null, null, null, null, null, null, null, null, null, null, null), 
 (520176, 'Sebastian', 'Kohl', 'm', null, null, null, null, null, null, null, null, null, null), 
 (524537, 'Ernst', 'Kohl', null, null, null, null, null, null, null, null, null, null, null), 
 (545745, 'Franziska', 'Kohl', 'f', null, null, null, null, null, null, null, null, null, null), 
 (583746, 'Andreas', 'Kohl', null, null, null, null, null, null, null, null, null, null, null), 
 (636120, 'Alex', 'Kohl', null, null, null, null, null, null, null, null, null, null, null), 
 (636121, 'Anna', 'Kohl', null, null, null, null, null, null, null, null, null, null, null), 
 (636122, 'Anneliese', 'Kohl', null, null, null, null, null, null, null, null, null, null, null), 
 (636123, 'Artur', 'Kohl', null, null, null, null, null, null, null, null, null, null, null), 
 (636124, 'Carl', 'Kohl', null, null, null, null, null, null, null, null, null, null, null), 
 (636129, 'Edmund', 'Kohl', null, null, null, null, null, null, null, null, null, null, null), 
 (636130, 'Elsbeth', 'Kohl', null, null, null, null, null, null, null, null, null, null, null), 
 (636145, 'Hubert', 'Kohl', null, null, null, null, null, null, null, null, null, null, null), 
 (636147, 'Johannes Wilhelm', 'Kohl', null, null, null, null, null, null, null, null, null, null, null), 
 (636152, 'Marianne', 'Kohl', null, null, null, null, null, null, null, null, null, null, null), 
 (636155, 'Stanley', 'Kohl', null, null, null, null, null, null, null, null, null, null, null), 
 (636156, 'Theodor', 'Kohl', null, null, null, null, null, null, null, null, null, null, null), 
 (636158, 'Valentin', 'Kohl', null, null, null, null, null, null, null, null, null, null, null), 
 (636159, 'Walther', 'Kohl', null, null, null, null, null, null, null, null, null, null, null), 
 (636160, 'Waltraut Maria', 'Kohl', null, null, null, null, null, null, null, null, null, null, null), 
 (689344, 'August', 'Kohl', null, null, null, null, null, null, null, null, null, null, null), 
 (689345, 'Georg W.', 'Kohl', null, null, null, null, null, null, null, null, null, null, null), 
 (689346, 'Heino', 'Kohl', null, null, null, null, null, null, null, null, null, null, null), 
 (738373, 'F.', 'Kohl', null, null, null, null, null, null, null, null, null, null, null), 
 (753526, 'Kamilla', 'Kohl', null, null, null, null, null, null, null, null, null, null, null), 
 (765986, 'Charles', 'Kohl', null, null, null, null, null, null, null, null, null, null, null), 
 (765988, 'K. W.', 'Kohl', null, null, null, null, null, null, null, null, null, null, null), 
 (774834, 'O.', 'Kohl', null, null, null, null, null, null, null, null, null, null, null), 
 (780566, 'Gerhard Karl', 'Kohl', null, null, null, null, null, null, null, null, null, null, null), 
 (808667, 'Sepp', 'Kohl', null, null, null, null, null, null, null, null, null, null, null), 
 (832053, 'Richard', 'Kohl', null, null, null, null, null, null, null, null, null, null, null), 
 (852299, 'Susan', 'Kohl', null, null, null, null, null, null, null, null, null, null, null), 
 (853693, 'Hermann', 'Kohl', null, null, null, null, null, null, null, null, null, null, null), 
 (877042, 'Andreas', 'Kohl', null, null, null, null, null, null, null, null, null, null, null), 
 (879353, 'Hans-Günter', 'Kohl', null, null, null, null, null, null, null, null, null, null, null), 
 (886390, 'Gerald', 'Kohl', null, null, null, null, null, null, null, null, null, null, null), 
 (886451, 'Ralf', 'Kohl', null, null, null, null, null, null, null, null, null, null, null), 
 (886914, 'Katrin', 'Kohl', null, null, null, null, null, null, null, null, null, null, null), 
 (889253, 'Elke', 'Kohl', null, null, null, null, null, null, null, null, null, null, null), 
 (889254, 'Volker', 'Kohl', null, null, null, null, null, null, null, null, null, null, null), 
 (892846, 'Oliver', 'Kohl', null, null, null, null, null, null, null, null, null, null, null), 
 (909342, 'August', 'Kohl', null, null, null, null, null, null, null, null, null, null, null), 
 (911199, 'Klaus-Jürgen', 'Kohl', null, null, null, null, null, null, null, null, null, null, null), 
 (918328, 'Andreas', 'Kohl', null, null, null, null, null, null, null, null, null, null, null);
Insert into integrated.person(id, first_name, last_name, gender, email, url, twitter, degree, education, dbpedia_uri, wikidata_id, nyt_id, associated_articles_count, nyt_definition) values 
 (918620, 'Andreas', 'Kohl', null, null, null, null, null, null, null, null, null, null, null), 
 (920741, 'Reiner', 'Kohl', null, null, null, null, null, null, null, null, null, null, null), 
 (936149, 'Beate', 'Kohl', null, null, null, null, null, null, null, null, null, null, null), 
 (940131, 'Raimund', 'Kohl', null, null, null, null, null, null, null, null, null, null, null), 
 (942292, 'Otto', 'Kohl', null, null, null, null, null, null, null, null, null, null, null), 
 (954431, 'Ullrich', 'Kohl', null, null, null, null, null, null, null, null, null, null, null), 
 (954501, 'Edith', 'Kohl', 'f', null, null, null, null, null, null, null, null, null, null), 
 (960859, 'Joe', 'Kohl', null, null, null, null, null, null, null, null, null, null, null), 
 (973880, 'Christina', 'Kohl', null, null, null, null, null, null, null, null, null, null, null), 
 (979195, 'Mechthild', 'Kohl', null, null, null, null, null, null, null, null, null, null, null), 
 (979707, 'Peter', 'Kohl', null, null, null, null, null, null, null, null, null, null, null), 
 (1002175, 'Johann Baptist', 'Kohl', null, null, null, null, null, null, null, null, null, null, null), 
 (1011674, 'Matthias', 'Kohl', null, null, null, null, null, null, null, null, null, null, null), 
 (1012529, 'Lena', 'Kohl', null, null, null, null, null, null, null, null, null, null, null), 
 (1027680, 'Chistian', 'Kohl', null, null, null, null, null, null, null, null, null, null, null), 
 (1027681, 'Willi', 'Kohl', null, null, null, null, null, null, null, null, null, null, null), 
 (1027682, 'Wolfgang', 'Kohl', null, null, null, null, null, null, null, null, null, null, null), 
 (1052608, 'Rolf Dieter', 'Kohl', null, null, null, null, null, null, null, null, null, null, null), 
 (1055427, 'Rudi', 'Kohl', null, null, null, null, null, null, null, null, null, null, null), 
 (1064790, 'Edmund', 'Kohl', null, null, null, null, null, null, null, null, null, null, null), 
 (1070497, 'Adam', 'Kohl', null, null, null, null, null, null, null, null, null, null, null), 
 (1142298, 'Renate', 'Kohl', 'f', null, null, null, null, null, null, null, null, null, null), 
 (1146891, 'Friedrich Wilhelm Erich', 'Kohl', 'm', null, null, null, null, null, null, null, null, null, null), 
 (1147796, 'Hr.', 'Kohl', 'm', null, null, null, null, null, null, null, null, null, null), 
 (1153715, 'Rudolf', 'Kohl', 'm', null, null, null, null, null, null, null, null, null, null), 
 (1154093, 'Josef', 'Kohl', 'm', null, null, null, null, null, null, null, null, null, null), 
 (1168108, 'Johann Georg', 'Kohl', null, null, null, null, null, null, null, null, null, null, null), 
 (1168539, 'Andreas', 'Kohl', 'm', null, null, null, null, null, null, null, null, null, null), 
 (1174342, 'Johann Heinrich', 'Kohl', null, null, null, null, null, null, null, null, null, null, null), 
 (1176682, 'R.', 'Kohl', null, null, null, null, null, null, null, null, null, null, null), 
 (1178704, 'Paul', 'Kohl', null, null, null, null, null, null, null, null, null, null, null), 
 (1186745, 'Philippus Fridericus', 'Kohl', null, null, null, null, null, null, null, null, null, null, null), 
 (1188316, 'Ludwig', 'Kohl', null, null, null, null, null, null, null, null, null, null, null), 
 (1193544, 'Anna', 'Kohl', null, null, null, null, null, null, null, null, null, null, null), 
 (1198170, 'Ditmar', 'Kohl', null, null, null, null, null, null, null, null, null, null, null), 
 (1209120, 'Friedrich', 'Kohl', null, null, null, null, null, null, null, null, null, null, null), 
 (1220432, 'Karl', 'Kohl', null, null, null, null, null, null, null, null, null, null, null), 
 (1222373, 'Louis von', 'Kohl', null, null, null, null, null, null, null, null, null, null, null), 
 (1227309, 'Richard', 'Kohl', null, null, null, null, null, null, null, null, null, null, null), 
 (1229106, 'Hermann', 'Kohl', null, null, null, null, null, null, null, null, null, null, null), 
 (1230292, 'Hermann', 'Kohl', null, null, null, null, null, null, null, null, null, null, null), 
 (1253988, 'Johann Gottfried', 'Kohl', null, null, null, null, null, null, null, null, null, null, null), 
 (1274615, 'Friedrich', 'Kohl', null, null, null, null, null, null, null, null, null, null, null), 
 (1281223, 'Benjamin G.', 'Kohl', null, null, null, null, null, null, null, null, null, null, null), 
 (1371296, 'Benjamín', 'Kohl', null, null, null, null, null, null, null, null, null, null, null), 
 (1400094, 'Dörte', 'Kohl', null, null, null, null, null, null, null, null, null, null, null), 
 (1423384, 'Alfred', 'Kohl', 'm', null, null, null, null, null, null, null, null, null, null), 
 (1423385, 'August', 'Kohl', 'm', null, null, null, null, null, null, null, null, null, null), 
 (1423386, 'Johannes', 'Kohl', 'm', null, null, null, null, null, null, null, null, null, null), 
 (1434697, 'Mathias', 'Kohl', 'm', null, null, null, null, null, null, null, null, null, null);
Insert into integrated.person(id, first_name, last_name, gender, email, url, twitter, degree, education, dbpedia_uri, wikidata_id, nyt_id, associated_articles_count, nyt_definition) values 
 (1441071, 'Kaj Max', 'Kohl', 'm', null, null, null, null, null, null, null, null, null, null), 
 (1455602, 'Phillip', 'Kohl', 'm', null, null, null, null, null, null, null, null, null, null), 
 (1456589, 'Gregor', 'Kohl', 'm', null, null, null, null, null, null, null, null, null, null), 
 (1467554, 'Siegbert', 'Kohl', 'm', null, null, null, null, null, null, null, null, null, null), 
 (1476744, 'Dieter', 'Kohl', 'm', null, null, null, null, null, null, null, null, null, null), 
 (1482641, 'Ilse', 'Kohl', 'f', null, null, null, null, null, null, null, null, null, null), 
 (1497759, 'Klaus-Peter', 'Kohl', 'm', null, null, null, null, null, null, null, null, null, null), 
 (1516754, 'Isabella', 'Kohl', 'f', null, null, null, null, null, null, null, null, null, null), 
 (1517541, 'Mathilde', 'Kohl', 'f', null, null, null, null, null, null, null, null, null, null), 
 (1527394, 'Kai-Uwe', 'Kohl', 'm', null, null, null, null, null, null, null, null, null, null), 
 (1533675, 'Jason', 'Kohl', 'm', null, null, null, null, null, null, null, null, null, null), 
 (1537444, 'Daniel', 'Kohl', 'm', null, null, null, null, null, null, null, null, null, null), 
 (1539825, 'Gerard S.', 'Kohl', 'm', null, null, null, null, null, null, null, null, null, null), 
 (1542331, 'Irene', 'Kohl', 'f', null, null, null, null, null, null, null, null, null, null), 
 (1555397, 'Wolfgang', 'Kohl', null, null, null, null, null, null, null, null, null, null, null), 
 (1572910, 'Lawrence Frederick', 'Kohl', null, null, null, null, null, null, null, null, null, null, null), 
 (1596747, 'Aug.', 'Kohl', 'm', null, null, null, null, null, null, null, null, null, null), 
 (1600022, 'Georg', 'Kohl', 'm', null, null, null, null, null, null, null, null, null, null), 
 (1611295, 'Carl Friedrich', 'Kohl', 'm', null, null, null, null, null, null, null, null, null, null), 
 (1614124, 'Lorenz', 'Kohl', null, null, null, null, null, null, null, null, null, null, null), 
 (1626761, 'Heinrich', 'Kohl', 'm', null, null, null, null, null, null, null, null, null, null), 
 (1637873, 'Max', 'Kohl', 'm', null, null, null, null, null, null, null, null, null, null), 
 (1675449, 'Erwin', 'Kohl', null, null, null, null, null, null, null, null, null, null, null), 
 (1680040, 'Herbert R.', 'Kohl', 'm', null, null, null, null, null, null, null, null, null, null), 
 (1700660, 'Hermann Joseph', 'Kohl', null, null, null, null, null, null, null, null, null, null, null), 
 (1716901, 'Helmut', 'Kohl', 'm', null, null, null, null, null, null, null, null, null, null), 
 (1719400, 'Karl-Heinz', 'Kohl', null, null, null, null, null, null, null, null, null, null, null), 
 (1723052, 'Marcel', 'Kohl', null, null, null, null, null, null, null, null, null, null, null), 
 (1723177, 'Jean-Philippe', 'Kohl', null, null, null, null, null, null, null, null, null, null, null), 
 (1739542, 'Christiane', 'Kohl', 'f', null, null, null, null, null, null, null, null, null, null), 
 (1740724, 'Thomas', 'Kohl', null, null, null, null, null, null, null, null, null, null, null), 
 (1746308, 'Walter', 'Kohl', null, null, null, null, null, null, null, null, null, null, null), 
 (1746674, 'Heinrich', 'Kohl', null, null, null, null, null, null, null, null, null, null, null), 
 (1755621, 'Ida', 'Kohl', 'f', null, null, null, null, null, null, null, null, null, null), 
 (1774358, 'Adolf', 'Kohl', 'm', null, null, null, null, null, null, null, null, null, null), 
 (1774359, 'Albert', 'Kohl', 'm', null, null, null, null, null, null, null, null, null, null), 
 (1774361, 'Anton', 'Kohl', 'm', null, null, null, null, null, null, null, null, null, null), 
 (1774362, 'Armin', 'Kohl', 'm', null, null, null, null, null, null, null, null, null, null), 
 (1774363, 'Christine von', 'Kohl', 'f', null, null, null, null, null, null, null, null, null, null), 
 (1774365, 'Clemens', 'Kohl', 'm', null, null, null, null, null, null, null, null, null, null), 
 (1774366, 'Ernst H...', 'Kohl', 'm', null, null, null, null, null, null, null, null, null, null), 
 (1774367, 'Friedrich Georg', 'Kohl', 'm', null, null, null, null, null, null, null, null, null, null), 
 (1774368, 'Heinz', 'Kohl', 'm', null, null, null, null, null, null, null, null, null, null), 
 (1774370, 'Hermann', 'Kohl', 'm', null, null, null, null, null, null, null, null, null, null), 
 (1774376, 'Johann Peter', 'Kohl', 'm', null, null, null, null, null, null, null, null, null, null), 
 (1774378, 'Karl', 'Kohl', 'm', null, null, null, null, null, null, null, null, null, null), 
 (1774380, 'Katharina', 'Kohl', 'f', null, null, null, null, null, null, null, null, null, null), 
 (1774382, 'Martha', 'Kohl', 'f', null, null, null, null, null, null, null, null, null, null), 
 (1774384, 'Otto', 'Kohl', 'm', null, null, null, null, null, null, null, null, null, null), 
 (1774386, 'Bernhard Otto', 'Kohl', 'm', null, null, null, null, null, null, null, null, null, null);
Insert into integrated.person(id, first_name, last_name, gender, email, url, twitter, degree, education, dbpedia_uri, wikidata_id, nyt_id, associated_articles_count, nyt_definition) values 
 (1774387, 'Robert', 'Kohl', 'm', null, null, null, null, null, null, null, null, null, null), 
 (1774388, 'Willi', 'Kohl', 'm', null, null, null, null, null, null, null, null, null, null), 
 (1778743, 'Jonas', 'Kohl', 'm', null, null, null, null, null, null, null, null, null, null), 
 (1778753, 'Karl', 'Kohl', 'm', null, null, null, null, null, null, null, null, null, null), 
 (1878732, 'Andreas von', 'Kohl', 'm', null, null, null, null, null, null, null, null, null, null), 
 (1878733, 'Emil', 'Kohl', 'm', null, null, null, null, null, null, null, null, null, null), 
 (1878734, 'Heinrich', 'Kohl', 'm', null, null, null, null, null, null, null, null, null, null), 
 (1896126, 'Willy', 'Kohl', 'm', null, null, null, null, null, null, null, null, null, null), 
 (1909855, 'Albert', 'Kohl', null, null, null, null, null, null, null, null, null, null, null), 
 (1910307, 'Christian', 'Kohl', null, null, null, null, null, null, null, null, null, null, null), 
 (1917693, 'Helmut', 'Kohl', 'm', null, null, null, null, null, null, null, null, null, null), 
 (1932511, 'Gottfried', 'Kohl', null, null, null, null, null, null, null, null, null, null, null), 
 (1932512, 'Hans', 'Kohl', null, null, null, null, null, null, null, null, null, null, null), 
 (1932513, 'Kurt', 'Kohl', null, null, null, null, null, null, null, null, null, null, null), 
 (1960086, 'Horst', 'Kohl', 'm', null, null, null, null, null, null, null, null, null, null), 
 (1966923, 'Engelbert', 'Kohl', null, null, null, null, null, null, null, null, null, null, null), 
 (1972667, 'Johann Georg', 'Kohl', 'm', null, null, null, null, null, null, null, null, null, null), 
 (1982240, 'Christian', 'Kohl', null, null, null, null, null, null, null, null, null, null, null), 
 (2011714, 'Thomas', 'Kohl', null, null, null, null, null, null, null, null, null, null, null), 
 (2033092, 'Susanna', 'Kohl', null, null, null, null, null, null, null, null, null, null, null), 
 (2035406, 'Christoph', 'Kohl', null, null, null, null, null, null, null, null, null, null, null), 
 (2036388, 'Christoph Friedrich von', 'Kohl', null, null, null, null, null, null, null, null, null, null, null), 
 (2043228, 'Ingrid', 'Kohl', null, null, null, null, null, null, null, null, null, null, null), 
 (2054425, 'Margit', 'Kohl', 'f', null, null, null, null, null, null, null, null, null, null), 
 (2061513, 'Wilhelm', 'Kohl', 'm', null, null, null, null, null, null, null, null, null, null), 
 (2069995, 'Wilhelm', 'Kohl', 'm', null, null, null, null, null, null, null, null, null, null), 
 (2071354, 'Anke', 'Kohl', null, null, null, null, null, null, null, null, null, null, null), 
 (2096373, 'Cornelia', 'Kohl', null, null, null, null, null, null, null, null, null, null, null), 
 (2097917, 'Alexander', 'Kohl', null, null, null, null, null, null, null, null, null, null, null), 
 (2100526, 'Carl von', 'Kohl', null, null, null, null, null, null, null, null, null, null, null), 
 (2110994, 'Ferenc', 'Kohl', null, null, null, null, null, null, null, null, null, null, null), 
 (2114765, 'Melchior', 'Kohl', null, null, null, null, null, null, null, null, null, null, null), 
 (2116595, 'Franz Dietrich', 'Kohl', null, null, null, null, null, null, null, null, null, null, null), 
 (2124913, 'Peter', 'Kohl', null, null, null, null, null, null, null, null, null, null, null), 
 (2131177, 'Richard', 'Kohl', null, null, null, null, null, null, null, null, null, null, null), 
 (2134083, 'Eva', 'Kohl', null, null, null, null, null, null, null, null, null, null, null), 
 (2135953, 'Katrin', 'Kohl', null, null, null, null, null, null, null, null, null, null, null), 
 (2136426, 'Sylvia', 'Kohl', null, null, null, null, null, null, null, null, null, null, null), 
 (2143010, 'Beate Kristine', 'Kohl', null, null, null, null, null, null, null, null, null, null, null), 
 (2155278, 'Friedrich', 'Kohl', null, null, null, null, null, null, null, null, null, null, null), 
 (2155325, 'Ines', 'Kohl', 'f', null, null, null, null, null, null, null, null, null, null), 
 (2161778, 'Franz Ernst', 'Kohl', 'm', null, null, null, null, null, null, null, null, null, null), 
 (2163788, 'Eva Maria', 'Kohl', 'f', null, null, null, null, null, null, null, null, null, null), 
 (2164463, 'Paul', 'Kohl', null, null, null, null, null, null, null, null, null, null, null), 
 (2164689, 'Norbert', 'Kohl', null, null, null, null, null, null, null, null, null, null, null), 
 (2166159, 'Heinrich', 'Kohl', null, null, null, null, null, null, null, null, null, null, null), 
 (2166386, 'Steffi', 'Kohl', null, null, null, null, null, null, null, null, null, null, null), 
 (2173616, 'Kristina', 'Kohl', null, null, null, null, null, null, null, null, null, null, null), 
 (2183511, 'Stephan', 'Kohl', 'm', null, null, null, null, null, null, null, null, null, null), 
 (2185741, 'Susanne', 'Kohl', null, null, null, null, null, null, null, null, null, null, null);
Insert into integrated.person(id, first_name, last_name, gender, email, url, twitter, degree, education, dbpedia_uri, wikidata_id, nyt_id, associated_articles_count, nyt_definition) values 
 (2190654, 'Karl', 'Kohl', null, null, null, null, null, null, null, null, null, null, null), 
 (2197924, 'Anna Sibylla Hedwig', 'Kohl', null, null, null, null, null, null, null, null, null, null, null), 
 (2209009, 'Paul', 'Kohl', null, null, null, null, null, null, null, null, null, null, null), 
 (2211421, 'Torsten', 'Kohl', null, null, null, null, null, null, null, null, null, null, null), 
 (2216015, 'Andreas', 'Kohl', null, null, null, null, null, null, null, null, null, null, null), 
 (2229576, 'Claudia', 'Kohl', null, null, null, null, null, null, null, null, null, null, null), 
 (2243800, 'Florian Johannes', 'Kohl', null, null, null, null, null, null, null, null, null, null, null), 
 (2243885, 'Michael', 'Kohl', null, null, null, null, null, null, null, null, null, null, null), 
 (2255278, 'Ines', 'Kohl', null, null, null, null, null, null, null, null, null, null, null), 
 (2256104, 'Beatus', 'Kohl', null, null, null, null, null, null, null, null, null, null, null), 
 (2262388, 'Hannelore', 'Kohl', null, null, null, null, null, null, null, null, null, null, null), 
 (2268239, 'Peter', 'Kohl', null, null, null, null, null, null, null, null, null, null, null), 
 (2286554, 'Rüdiger', 'Kohl', null, null, null, null, null, null, null, null, null, null, null), 
 (2287535, 'Andreas', 'Kohl', 'm', null, null, null, null, null, null, null, null, null, null), 
 (2289577, 'Thorsten', 'Kohl', null, null, null, null, null, null, null, null, null, null, null), 
 (2290267, 'Joachim', 'Kohl', null, null, null, null, null, null, null, null, null, null, null), 
 (2314793, 'André', 'Kohl', null, null, null, null, null, null, null, null, null, null, null), 
 (2316078, 'Oskar', 'Kohl', null, null, null, null, null, null, null, null, null, null, null), 
 (2329458, 'Katharina', 'Kohl', null, null, null, null, null, null, null, null, null, null, null), 
 (2349932, 'Jens', 'Kohl', null, null, null, null, null, null, null, null, null, null, null), 
 (2365824, 'Erich', 'Kohl', 'm', null, null, null, null, null, null, null, null, null, null), 
 (2365826, 'Gerhard Franz', 'Kohl', null, null, null, null, null, null, null, null, null, null, null), 
 (2365827, 'Josef Friedrich', 'Kohl', null, null, null, null, null, null, null, null, null, null, null), 
 (2365828, 'Joseph', 'Kohl', null, null, null, null, null, null, null, null, null, null, null), 
 (2365829, 'Leo', 'Kohl', null, null, null, null, null, null, null, null, null, null, null), 
 (2375658, 'Aage von', 'Kohl', null, null, null, null, null, null, null, null, null, null, null), 
 (2376802, 'M.', 'Kohl', null, null, null, null, null, null, null, null, null, null, null), 
 (2393109, 'Thomas', 'Kohl', null, null, null, null, null, null, null, null, null, null, null), 
 (2394714, 'Ullrich', 'Kohl', null, null, null, null, null, null, null, null, null, null, null), 
 (2410849, 'Albin von', 'Kohl', null, null, null, null, null, null, null, null, null, null, null), 
 (2410855, 'Ursula von', 'Kohl', null, null, null, null, null, null, null, null, null, null, null), 
 (2411936, 'Christopher', 'Kohl', null, null, null, null, null, null, null, null, null, null, null), 
 (2412872, 'Michel', 'Kohl', null, null, null, null, null, null, null, null, null, null, null), 
 (2418972, 'Sylvie', 'Kohl', null, null, null, null, null, null, null, null, null, null, null), 
 (2432315, 'Patricia', 'Kohl', null, null, null, null, null, null, null, null, null, null, null), 
 (2434244, 'Friedrich', 'Kohl', null, null, null, null, null, null, null, null, null, null, null), 
 (2438479, 'Jacob', 'Kohl', null, null, null, null, null, null, null, null, null, null, null), 
 (2440586, 'Zacharias', 'Kohl', null, null, null, null, null, null, null, null, null, null, null), 
 (2457258, 'Andreas Friedrich', 'Kohl', 'm', null, null, null, null, null, null, null, null, null, null), 
 (2478549, 'Uli', 'Kohl', null, null, null, null, null, null, null, null, null, null, null), 
 (2481411, 'Kerstin Eleonora', 'Kohl', null, null, null, null, null, null, null, null, null, null, null), 
 (2482507, 'Max', 'Kohl', 'm', null, null, null, null, null, null, null, null, null, null), 
 (2482835, 'Tobias', 'Kohl', null, null, null, null, null, null, null, null, null, null, null), 
 (2486253, 'Martina', 'Kohl', null, null, null, null, null, null, null, null, null, null, null), 
 (2488171, 'Horst', 'Kohl', null, null, null, null, null, null, null, null, null, null, null), 
 (2491616, 'Johann Nicolaus', 'Kohl', null, null, null, null, null, null, null, null, null, null, null), 
 (2491619, 'Anna Maria', 'Kohl', null, null, null, null, null, null, null, null, null, null, null), 
 (2493016, 'Josef', 'Kohl', 'm', null, null, null, null, null, null, null, null, null, null), 
 (2494103, 'Mirko', 'Kohl', null, null, null, null, null, null, null, null, null, null, null), 
 (2506691, 'Tanja', 'Kohl', null, null, null, null, null, null, null, null, null, null, null);
Insert into integrated.person(id, first_name, last_name, gender, email, url, twitter, degree, education, dbpedia_uri, wikidata_id, nyt_id, associated_articles_count, nyt_definition) values 
 (2512897, 'Sonja', 'Kohl', null, null, null, null, null, null, null, null, null, null, null), 
 (2518391, 'Christian Thomas', 'Kohl', null, null, null, null, null, null, null, null, null, null, null), 
 (2518529, 'Walter', 'Kohl', null, null, null, null, null, null, null, null, null, null, null), 
 (2519953, 'Christian', 'Kohl', null, null, null, null, null, null, null, null, null, null, null), 
 (2528604, 'Kaspar', 'Kohl', null, null, null, null, null, null, null, null, null, null, null), 
 (2538238, 'Manfred', 'Kohl', 'm', null, null, null, null, null, null, null, null, null, null), 
 (2541679, 'Clemens', 'Kohl', null, null, null, null, null, null, null, null, null, null, null), 
 (2557712, 'Michael', 'Kohl', null, null, null, null, null, null, null, null, null, null, null), 
 (2562173, 'Bettina Veronika Maria', 'Kohl', null, null, null, null, null, null, null, null, null, null, null), 
 (2577112, 'Tobias Martin', 'Kohl', null, null, null, null, null, null, null, null, null, null, null), 
 (2577337, 'Matthias', 'Kohl', null, null, null, null, null, null, null, null, null, null, null), 
 (2578899, 'Erwin', 'Kohl', null, null, null, null, null, null, null, null, null, null, null), 
 (2599920, 'Heribert', 'Kohl', null, null, null, null, null, null, null, null, null, null, null), 
 (2605972, 'Angelika', 'Kohl', null, null, null, null, null, null, null, null, null, null, null), 
 (2629019, 'Johann', 'Kohl', null, null, null, null, null, null, null, null, null, null, null), 
 (2638559, 'Ulrich', 'Kohl', null, null, null, null, null, null, null, null, null, null, null), 
 (2644178, 'Johann Jacob', 'Kohl', null, null, null, null, null, null, null, null, null, null, null), 
 (2644179, 'Clara Regina', 'Kohl', null, null, null, null, null, null, null, null, null, null, null), 
 (2644967, 'Horst', 'Kohl', null, null, null, null, null, null, null, null, null, null, null), 
 (2645696, 'Catharina', 'Kohl', null, null, null, null, null, null, null, null, null, null, null), 
 (2647474, 'Benjamin H.', 'Kohl', null, null, null, null, null, null, null, null, null, null, null), 
 (2656162, 'Anja', 'Kohl', 'f', null, null, null, null, null, null, null, null, null, null), 
 (2682527, 'Haide', 'Kohl', null, null, null, null, null, null, null, null, null, null, null), 
 (2691618, 'Max', 'Kohl', 'm', null, null, null, null, null, null, null, null, null, null), 
 (2712073, 'Hermann', 'Kohl', null, null, null, null, null, null, null, null, null, null, null), 
 (2719971, 'Marc Matthias', 'Kohl', null, null, null, null, null, null, null, null, null, null, null), 
 (2720762, 'Alejandro', 'Kohl', null, null, null, null, null, null, null, null, null, null, null), 
 (2721329, 'Kristine', 'Kohl', null, null, null, null, null, null, null, null, null, null, null), 
 (2723886, 'Peter', 'Kohl', null, null, null, null, null, null, null, null, null, null, null), 
 (2725499, 'Samuel', 'Kohl', null, null, null, null, null, null, null, null, null, null, null), 
 (2742776, 'Sandra', 'Kohl', null, null, null, null, null, null, null, null, null, null, null), 
 (2755054, 'Anton', 'Kohl', null, null, null, null, null, null, null, null, null, null, null), 
 (2782712, 'Manfred', 'Kohl', null, null, null, null, null, null, null, null, null, null, null), 
 (2783134, 'Manfred', 'Kohl', null, null, null, null, null, null, null, null, null, null, null), 
 (2802521, 'Bernhard A.', 'Kohl', null, null, null, null, null, null, null, null, null, null, null), 
 (2802522, 'L.', 'Kohl', null, null, null, null, null, null, null, null, null, null, null), 
 (2802523, 'Leonard', 'Kohl', null, null, null, null, null, null, null, null, null, null, null), 
 (2837357, 'Ernest', 'Kohl', null, null, null, null, null, null, null, null, null, null, null), 
 (2843692, 'Markus', 'Kohl', null, null, null, null, null, null, null, null, null, null, null), 
 (2846294, 'Micha', 'Kohl', null, null, null, null, null, null, null, null, null, null, null), 
 (2858432, 'Franz Friedrich', 'Kohl', 'm', null, null, null, null, null, null, null, null, null, null), 
 (2865422, 'Christiane', 'Kohl', 'f', null, null, null, null, null, null, null, null, null, null), 
 (2869274, 'Gabor', 'Kohl', 'm', null, null, null, null, null, null, null, null, null, null), 
 (2877630, 'Achim', 'Kohl', 'm', null, null, null, null, null, null, null, null, null, null), 
 (2889690, 'Elisabeth', 'Kohl', null, null, null, null, null, null, null, null, null, null, null), 
 (2897997, 'Sigrid', 'Kohl', null, null, null, null, null, null, null, null, null, null, null), 
 (2899804, 'Gernot', 'Kohl', null, null, null, null, null, null, null, null, null, null, null), 
 (2902096, 'Bernhard', 'Kohl', null, null, null, null, null, null, null, null, null, null, null), 
 (2909504, 'Christian Emanuel Ferdinand', 'Kohl', 'm', null, null, null, null, null, null, null, null, null, null), 
 (2917557, 'Florian', 'Kohl', null, null, null, null, null, null, null, null, null, null, null);
Insert into integrated.person(id, first_name, last_name, gender, email, url, twitter, degree, education, dbpedia_uri, wikidata_id, nyt_id, associated_articles_count, nyt_definition) values 
 (2943144, 'Daniela', 'Kohl', null, null, null, null, null, null, null, null, null, null, null), 
 (2943741, 'Anton', 'Kohl', null, null, null, null, null, null, null, null, null, null, null), 
 (2943743, 'Ditmar', 'Kohl', null, null, null, null, null, null, null, null, null, null, null), 
 (2943744, 'Franz', 'Kohl', null, null, null, null, null, null, null, null, null, null, null), 
 (2943747, 'Hieronymus', 'Kohl', null, null, null, null, null, null, null, null, null, null, null), 
 (2943748, 'Johann Friedrich', 'Kohl', null, null, null, null, null, null, null, null, null, null, null), 
 (2945132, 'Adolph', 'Kohl', null, null, null, null, null, null, null, null, null, null, null), 
 (2950915, 'Lyn Julia', 'Kohl', null, null, null, null, null, null, null, null, null, null, null), 
 (2952466, 'Frauke', 'Kohl', null, null, null, null, null, null, null, null, null, null, null), 
 (2960482, 'Helga', 'Kohl', null, null, null, null, null, null, null, null, null, null, null), 
 (2961288, 'Peter', 'Kohl', 'm', null, null, null, null, null, null, null, null, null, null), 
 (2971524, 'Philipp', 'Kohl', null, null, null, null, null, null, null, null, null, null, null), 
 (2974786, 'Jens', 'Kohl', null, null, null, null, null, null, null, null, null, null, null), 
 (2987531, 'Wolfram', 'Kohl', null, null, null, null, null, null, null, null, null, null, null), 
 (2991422, 'Sebastian', 'Kohl', null, null, null, null, null, null, null, null, null, null, null), 
 (2992094, 'Julia', 'Kohl', null, null, null, null, null, null, null, null, null, null, null), 
 (3005550, 'Rüdiger', 'Kohl', null, null, null, null, null, null, null, null, null, null, null), 
 (3010071, 'Hans', 'Kohl', null, null, null, null, null, null, null, null, null, null, null), 
 (3021386, 'Helmut', 'Kohl', null, null, null, null, null, null, null, null, null, null, null), 
 (3028852, 'Philip L.', 'Kohl', null, null, null, null, null, null, null, null, null, null, null), 
 (3032548, 'Nicolas', 'Kohl', null, null, null, null, null, null, null, null, null, null, null), 
 (3033724, 'Benoît', 'Kohl', null, null, null, null, null, null, null, null, null, null, null), 
 (3041601, 'Wulf', 'Kohl', null, null, null, null, null, null, null, null, null, null, null), 
 (3065910, 'Lutz', 'Kohl', null, null, null, null, null, null, null, null, null, null, null), 
 (3067096, 'Andy', 'Kohl', null, null, null, null, null, null, null, null, null, null, null), 
 (3072864, 'Georg', 'Kohl', 'm', null, null, null, null, null, null, null, null, null, null), 
 (3074123, 'Christian', 'Kohl', null, null, null, null, null, null, null, null, null, null, null), 
 (3092942, 'Torsten', 'Kohl', null, null, null, null, null, null, null, null, null, null, null), 
 (3111199, 'Erich', 'Kohl', 'm', null, null, null, null, null, null, null, null, null, null), 
 (3125587, 'Tim', 'Kohl', null, null, null, null, null, null, null, null, null, null, null), 
 (3140053, 'Thomas', 'Kohl', 'm', null, null, null, null, null, null, null, null, null, null), 
 (3140560, 'Rudolf', 'Kohl', 'm', null, null, null, null, null, null, null, null, null, null), 
 (3149158, 'Gaby', 'Kohl', null, null, null, null, null, null, null, null, null, null, null), 
 (3156514, 'Bianca Dorothea', 'Kohl', null, null, null, null, null, null, null, null, null, null, null), 
 (3158897, 'Philipp von', 'Kohl', null, null, null, null, null, null, null, null, null, null, null), 
 (3193698, 'Robert', 'Kohl', null, null, null, null, null, null, null, null, null, null, null), 
 (3204226, 'Thomas', 'Kohl', 'm', null, null, null, null, null, null, null, null, null, null), 
 (3209780, 'Michael', 'Kohl', null, null, null, null, null, null, null, null, null, null, null), 
 (3227176, 'Benjamin A.', 'Kohl', null, null, null, null, null, null, null, null, null, null, null), 
 (3259595, 'Victoria', 'Kohl', null, null, null, null, null, null, null, null, null, null, null), 
 (3261260, 'MaryAnn F.', 'Kohl', null, null, null, null, null, null, null, null, null, null, null), 
 (3262685, 'Sabine', 'Kohl', null, null, null, null, null, null, null, null, null, null, null), 
 (3267286, 'Matthias', 'Kohl', null, null, null, null, null, null, null, null, null, null, null), 
 (3287900, 'Werner', 'Kohl', 'm', null, null, null, null, null, null, null, null, null, null), 
 (3288750, 'Johann Christian', 'Kohl', null, null, null, null, null, null, null, null, null, null, null), 
 (3289585, 'Christoph', 'Kohl', null, null, null, null, null, null, null, null, null, null, null), 
 (3291097, 'Rainer', 'Kohl', null, null, null, null, null, null, null, null, null, null, null), 
 (3307700, 'Walter H.', 'Kohl', null, null, null, null, null, null, null, null, null, null, null), 
 (3317455, 'Walter', 'Kohl', 'm', null, null, null, null, null, null, null, null, null, null), 
 (3326377, 'Tobias', 'Kohl', null, null, null, null, null, null, null, null, null, null, null);
Insert into integrated.person(id, first_name, last_name, gender, email, url, twitter, degree, education, dbpedia_uri, wikidata_id, nyt_id, associated_articles_count, nyt_definition) values 
 (3339349, 'John R.', 'Kohl', null, null, null, null, null, null, null, null, null, null, null), 
 (3349626, 'Robert', 'Kohl', null, null, null, null, null, null, null, null, null, null, null), 
 (3353280, 'Ludwig', 'Kohl', null, null, null, null, null, null, null, null, null, null, null), 
 (3374542, 'Werner', 'Kohl', null, null, null, null, null, null, null, null, null, null, null), 
 (3384854, 'Siegfried', 'Kohl', null, null, null, null, null, null, null, null, null, null, null), 
 (3443060, 'Linda S.', 'Kohl', null, null, null, null, null, null, null, null, null, null, null), 
 (3450047, 'Reinhard', 'Kohl', null, null, null, null, null, null, null, null, null, null, null), 
 (3454453, 'Markus', 'Kohl', null, null, null, null, null, null, null, null, null, null, null), 
 (3462136, 'Richard David', 'Kohl', null, null, null, null, null, null, null, null, null, null, null), 
 (3498917, 'Andreas', 'Kohl', null, null, null, null, null, null, null, null, null, null, null), 
 (3503349, 'Anke', 'Kohl', null, null, null, null, null, null, null, null, null, null, null), 
 (3545413, 'Stephen W.', 'Kohl', 'm', null, null, null, null, null, null, null, null, null, null), 
 (3549658, 'Sybil', 'Kohl', null, null, null, null, null, null, null, null, null, null, null), 
 (3567814, 'Leopold', 'Kohl', 'm', null, null, null, null, null, null, null, null, null, null), 
 (3568000, 'Helmut', 'Kohl', null, null, null, null, null, null, null, null, null, null, null), 
 (3577584, 'Hans', 'Kohl', null, null, null, null, null, null, null, null, null, null, null), 
 (3579577, 'Hans', 'Kohl', null, null, null, null, null, null, null, null, null, null, null), 
 (3588104, 'Wilhelm Peter', 'Kohl', 'm', null, null, null, null, null, null, null, null, null, null), 
 (3588705, 'Katharina', 'Kohl', null, null, null, null, null, null, null, null, null, null, null), 
 (3591613, 'Herbert', 'Kohl', 'm', null, null, null, null, null, null, null, null, null, null), 
 (3594687, 'Dietrich', 'Kohl', 'm', null, null, null, null, null, null, null, null, null, null), 
 (3637593, 'Tanja', 'Kohl', null, null, null, null, null, null, null, null, null, null, null), 
 (3640485, 'Steffi', 'Kohl', null, null, null, null, null, null, null, null, null, null, null), 
 (3646292, 'Hélène', 'Kohl', null, null, null, null, null, null, null, null, null, null, null), 
 (3658614, 'Jörg', 'Kohl', null, null, null, null, null, null, null, null, null, null, null), 
 (3667812, 'Gert', 'Kohl', null, null, null, null, null, null, null, null, null, null, null), 
 (3674576, 'Matthias', 'Kohl', null, null, null, null, null, null, null, null, null, null, null), 
 (3678040, 'Andreas', 'Kohl', null, null, null, null, null, null, null, null, null, null, null), 
 (3681897, 'Steffen', 'Kohl', null, null, null, null, null, null, null, null, null, null, null), 
 (3682164, 'Michael', 'Kohl', null, null, null, null, null, null, null, null, null, null, null), 
 (3692941, 'Kirsten', 'Kohl', 'f', null, null, null, null, null, null, null, null, null, null), 
 (3706378, 'Jürgen', 'Kohl', null, null, null, null, null, null, null, null, null, null, null), 
 (3707419, 'Manfred', 'Kohl', null, null, null, null, null, null, null, null, null, null, null), 
 (3710508, 'Anne-Christin', 'Kohl', 'f', null, null, null, null, null, null, null, null, null, null), 
 (3714576, 'Horst Otto', 'Kohl', 'm', null, null, null, null, null, null, null, null, null, null), 
 (3715826, 'Yvonne', 'Kohl', null, null, null, null, null, null, null, null, null, null, null), 
 (3717277, 'Philipp', 'Kohl', null, null, null, null, null, null, null, null, null, null, null), 
 (3725508, 'Michael', 'Kohl', 'm', null, null, null, null, null, null, null, null, null, null), 
 (3732322, 'Heinrich', 'Kohl', null, null, null, null, null, null, null, null, null, null, null), 
 (3732324, 'Burchard', 'Kohl', null, null, null, null, null, null, null, null, null, null, null), 
 (3739250, 'Dominikus', 'Kohl', 'm', null, null, null, null, null, null, null, null, null, null), 
 (3741107, 'Wiebke', 'Kohl', null, null, null, null, null, null, null, null, null, null, null), 
 (3747544, 'Christian', 'Kohl', 'm', null, null, null, null, null, null, null, null, null, null), 
 (3756884, 'Bernhard', 'Kohl', null, null, null, null, null, null, null, null, null, null, null), 
 (3765066, 'Andreas', 'Kohl', null, null, null, null, null, null, null, null, null, null, null), 
 (3766661, 'Michael', 'Kohl', 'm', null, null, null, null, null, null, null, null, null, null), 
 (3767009, 'DitmarIV.', 'Kohl', null, null, null, null, null, null, null, null, null, null, null), 
 (3770406, 'Christian Dominik', 'Kohl', 'm', null, null, null, null, null, null, null, null, null, null), 
 (3772418, 'Harold W.', 'Kohl', null, null, null, null, null, null, null, null, null, null, null), 
 (3775164, 'Julius', 'Kohl', 'm', null, null, null, null, null, null, null, null, null, null);
Insert into integrated.person(id, first_name, last_name, gender, email, url, twitter, degree, education, dbpedia_uri, wikidata_id, nyt_id, associated_articles_count, nyt_definition) values 
 (3784334, 'Georg', 'Kohl', 'm', null, null, null, null, null, null, null, null, null, null), 
 (3796795, 'E.', 'Kohl', 'm', null, null, null, null, null, null, null, null, null, null), 
 (3830141, 'Ralf Detlef', 'Kohl', 'm', null, null, null, null, 'k.A.', null, null, null, null, null), 
 (3833212, 'Helmut', 'Kohl', null, null, null, null, null, null, 'http://dbpedia.org/resource/Helmut_Kohl', null, null, null, null), 
 (3930609, 'Michael', 'Kohl', 'm', null, null, null, null, null, null, 'http://www.wikidata.org/entity/Q90962', null, null, null), 
 (1151981, 'Adam von', 'Seliger', 'm', null, null, null, null, null, null, null, null, null, null), 
 (2043524, 'Melchior', 'Hausius', null, null, null, null, null, null, null, null, null, null, null), 
 (1151991, 'Maria', 'Kühne', 'f', null, null, null, null, null, null, null, null, null, null), 
 (3219324, 'Maike', 'Richter', 'f', null, null, null, null, null, null, null, null, null, null), 
 (2164891, 'Joachim von', 'Seliger', null, null, null, null, null, null, null, null, null, null, null), 
 (1151982, 'Elisabeth von', 'Seliger', 'f', null, null, null, null, null, null, null, null, null, null), 
 (2413324, 'Sara', 'Haus', null, null, null, null, null, null, null, null, null, null, null), 
 (1151992, 'Lucas', 'Kühne', 'm', null, null, null, null, null, null, null, null, null, null), 
 (1690473, 'Wolfgang', 'Libal', null, null, null, null, null, null, null, null, null, null, null), 
 (1732049, 'Andreas Daniel', 'Habichhorst', null, null, null, null, null, null, null, null, null, null, null), 
 (87906, 'Elisabetha', 'Habichhorst', null, null, null, null, null, null, null, null, null, null, null);
Insert into integrated.country(id, wikidata_id, name) values 
 (1, null, 'DE'), 
 (7, 'http://www.wikidata.org/entity/Q7318', 'Nazi Germany'), 
 (85, 'http://www.wikidata.org/entity/Q41304', 'Weimar Republic'), 
 (117, 'http://www.wikidata.org/entity/Q16957', 'East Germany');
Insert into integrated.person_occupation(person_id, occupation_id) values 
 (936149, 7699), 
 (1441071, 23), 
 (1151991, 365), 
 (3830141, 32634), 
 (2518391, 65), 
 (1972667, 147), 
 (2211421, 374), 
 (1878732, 17), 
 (1932513, 165), 
 (3577584, 747), 
 (2329458, 51), 
 (2943144, 467), 
 (3678040, 3854), 
 (158719, 19), 
 (3140053, 17), 
 (2644178, 660), 
 (2190654, 125), 
 (3021386, 16355), 
 (1012529, 233), 
 (1960086, 163), 
 (1909855, 17), 
 (3072864, 408), 
 (1878734, 5), 
 (3796795, 43), 
 (106573, 30), 
 (1774378, 13), 
 (954501, 113), 
 (2943744, 281), 
 (1002175, 61), 
 (1253988, 48), 
 (2493016, 626), 
 (2164463, 707), 
 (3288750, 300), 
 (2491616, 660), 
 (188019, 270), 
 (3262685, 918), 
 (67971, 58), 
 (2656162, 81), 
 (2054425, 38), 
 (185851, 61), 
 (3710508, 654), 
 (636147, 87), 
 (3261260, 49), 
 (474280, 62), 
 (1626761, 184), 
 (3591613, 73), 
 (1142298, 51), 
 (2682527, 30), 
 (373710, 79), 
 (1482641, 1114);
Insert into integrated.person_occupation(person_id, occupation_id) values 
 (2961288, 10), 
 (1778743, 5150), 
 (213449, 448), 
 (911199, 1249), 
 (333250, 88), 
 (3739250, 48), 
 (238693, 396), 
 (1774367, 408), 
 (2011714, 10), 
 (105261, 32), 
 (1147796, 23), 
 (3193698, 10), 
 (376039, 139), 
 (2069995, 105), 
 (1878733, 47), 
 (2960482, 116), 
 (1476744, 23), 
 (2506691, 4520), 
 (3291097, 121), 
 (238625, 48), 
 (3714576, 7), 
 (3772418, 1354), 
 (2061513, 306), 
 (1151981, 7659), 
 (2135953, 1), 
 (3339349, 28096), 
 (1755621, 30), 
 (3353280, 10), 
 (2720762, 48), 
 (116804, 43), 
 (3637593, 29638), 
 (188017, 270), 
 (171199, 342), 
 (1739542, 126), 
 (1070497, 13), 
 (2837357, 3), 
 (404257, 33), 
 (2858432, 124), 
 (2110994, 58), 
 (3259595, 113), 
 (2691618, 1768), 
 (2365827, 337), 
 (2943748, 281), 
 (2865422, 183), 
 (112562, 114), 
 (1774365, 294), 
 (127485, 2735), 
 (12208, 92), 
 (3717277, 22), 
 (2410855, 365);
Insert into integrated.person_occupation(person_id, occupation_id) values 
 (439877, 1188), 
 (979195, 48), 
 (2974786, 131), 
 (2782712, 147), 
 (3706378, 28), 
 (2164891, 400), 
 (1146891, 23), 
 (3930609, 33044), 
 (3770406, 6807), 
 (2538238, 241), 
 (295807, 784), 
 (2950915, 187), 
 (2265, 419), 
 (1542331, 15), 
 (877042, 9206), 
 (3067096, 24552), 
 (20754, 374), 
 (2712073, 207), 
 (3349626, 13), 
 (1774386, 1328), 
 (892846, 48), 
 (3140560, 48), 
 (1680040, 43), 
 (1700660, 367), 
 (1719400, 579), 
 (1456589, 23), 
 (1467554, 5650), 
 (207890, 2642), 
 (3594687, 784), 
 (57773, 147), 
 (1527394, 1595), 
 (979707, 163), 
 (3317455, 293), 
 (2647474, 147), 
 (2410849, 2247), 
 (1455602, 22), 
 (2889690, 187), 
 (2035406, 5), 
 (1690473, 44), 
 (3930609, 33173), 
 (366462, 196), 
 (3579577, 58), 
 (121551, 3474), 
 (3765066, 453), 
 (2902096, 237), 
 (1539825, 23), 
 (2987531, 165), 
 (2723886, 44), 
 (3033724, 35), 
 (2434244, 215);
Insert into integrated.person_occupation(person_id, occupation_id) values 
 (1932511, 10), 
 (1497759, 6690), 
 (3074123, 215), 
 (21302, 146), 
 (67862, 126), 
 (1746308, 58), 
 (2578899, 58), 
 (299361, 48), 
 (3149158, 2352), 
 (2943741, 294), 
 (1637873, 293), 
 (3005550, 45), 
 (2183511, 251), 
 (1932512, 32), 
 (2316078, 399), 
 (191027, 255), 
 (942292, 408), 
 (3028852, 119), 
 (2043524, 58), 
 (50799, 48), 
 (3204226, 163), 
 (2917557, 852), 
 (2161778, 17), 
 (50905, 363), 
 (2166159, 303), 
 (463188, 113), 
 (325018, 2302), 
 (3674576, 378), 
 (2783134, 47), 
 (3156514, 86), 
 (954431, 112), 
 (1732049, 26), 
 (3158897, 667), 
 (1774384, 251), 
 (3646292, 126), 
 (2943743, 400), 
 (2943747, 281), 
 (3111199, 48), 
 (2992094, 3673), 
 (3640485, 2586), 
 (1774387, 17), 
 (3667812, 259), 
 (3784334, 34), 
 (1516754, 1114), 
 (1153715, 293), 
 (66744, 43), 
 (2486253, 64), 
 (2173616, 27), 
 (3725508, 493), 
 (3032548, 1042);
Insert into integrated.person_occupation(person_id, occupation_id) values 
 (2255278, 483), 
 (1537444, 398), 
 (2478549, 116), 
 (3065910, 133), 
 (3041601, 62), 
 (3707419, 340), 
 (2413324, 365), 
 (1614124, 10), 
 (2163788, 54), 
 (2991422, 121), 
 (2519953, 5), 
 (2869274, 3), 
 (2877630, 67), 
 (1434697, 22), 
 (3681897, 511), 
 (2638559, 47), 
 (2909504, 306), 
 (1596747, 108), 
 (1917693, 34), 
 (2644967, 147), 
 (20118, 93), 
 (3549658, 51), 
 (30726, 73), 
 (2209009, 270), 
 (2971524, 196), 
 (188030, 270), 
 (9674, 27), 
 (2629019, 466), 
 (1027682, 281), 
 (1154093, 215), 
 (2432315, 901), 
 (2494103, 259), 
 (2719971, 17), 
 (403493, 17), 
 (2843692, 3), 
 (1052608, 163), 
 (2418972, 276), 
 (1774363, 126), 
 (2755054, 34), 
 (274136, 2049), 
 (409151, 79), 
 (2229576, 35), 
 (2155325, 442), 
 (3692941, 3043), 
 (886914, 8512), 
 (3307700, 47), 
 (3219324, 4), 
 (1533675, 181), 
 (404568, 726), 
 (2457258, 17);
Insert into integrated.person_occupation(person_id, occupation_id) values 
 (2287535, 10), 
 (886451, 65), 
 (466223, 10), 
 (3682164, 565), 
 (1151982, 365), 
 (1517541, 7790), 
 (1400094, 113), 
 (2577112, 306), 
 (240340, 13), 
 (3545413, 101), 
 (1716901, 17), 
 (520176, 7), 
 (2897997, 677), 
 (3766661, 56), 
 (1746674, 43), 
 (3125587, 241), 
 (3567814, 67), 
 (3747544, 72), 
 (2488171, 768), 
 (3227176, 48), 
 (1774376, 196), 
 (3287900, 43), 
 (192799, 45), 
 (2846294, 67), 
 (3588705, 27), 
 (3588104, 168), 
 (918328, 47), 
 (2562173, 1993), 
 (524537, 2907), 
 (1778753, 326), 
 (3767009, 829), 
 (1151992, 2973), 
 (140257, 679), 
 (545745, 4);
Insert into integrated.politician(person_id, aw_uuid, aw_username, aw_picture_url) values 
 (3833212, null, null, null), 
 (3830141, '{F63FE5CD-EADB-4FD8-946A-3E3B6D25E993}', 'ralf-detlef-kohl', 'https://www.abgeordnetenwatch.de/sites/abgeordnetenwatch.de/files/default_images/img_fotodummy_210x140.jpg');
Insert into integrated.person_country(person_id, country_id) values 
 (3830141, 1), 
 (3930609, 7), 
 (3930609, 117), 
 (3930609, 85);
Insert into integrated."work"(id, person_id, name) values 
 (230772, 2375658, 'Ruīge''s Hængekøje'), 
 (234873, 2375658, 'Den rode Sol');
Insert into integrated.almamater(person_id, university) values 
 (3833212, 'http://dbpedia.org/resource/Heidelberg_University'), 
 (3833212, 'http://dbpedia.org/resource/Heidelberg_University');
Insert into integrated.place(id, name, latitude, longitude, country_id) values 
 (17005, 'Rostock', 'N054.088700', 'E012.140489', null), 
 (15700, 'Münster (Westf)', 'N051.962222', 'E007.625555', null), 
 (16116, 'Nürnberg', 'N049.454166', 'E011.775000', null), 
 (13245, 'Frankfurt am Main', 'N050.115277', 'E008.684166', null), 
 (18767, 'Wien', 'N048.208199', 'E016.371690', null), 
 (12277, 'Bremen', 'N053.083329', 'E008.833330', null), 
 (14426, 'Chemnitz', 'N050.833329', 'E012.916669', null), 
 (13074, 'Eschwege', 'N051.183860', 'E010.053290', null), 
 (13555, 'Göttingen', 'N051.539329', 'E009.934060', null), 
 (13772, 'Halle (Saale)', 'N051.500000', 'E012.000000', null), 
 (18777, 'Wiesbaden', 'N050.082580', 'E008.249320', null), 
 (12006, 'Berlin', 'N052.500000', 'E013.416669', null), 
 (37026, 'Ludwigshafen-Friesenheim', null, null, null), 
 (14946, 'Leipzig', 'N051.339444', 'E012.371111', null);
Insert into integrated.related_to(person1_id, person2_id, type) values 
 (2197924, 1732049, 'Ehefrau'), 
 (1972667, 1755621, 'Bruder'), 
 (2410849, 2413324, 'Schwager'), 
 (1151981, 2410855, 'Bruder'), 
 (1151992, 2413324, 'Schwager'), 
 (1151981, 1151982, 'Sohn'), 
 (2043524, 1151981, 'Schwager'), 
 (1151982, 1151991, 'Mutter'), 
 (2043524, 1151991, 'Schwager'), 
 (1151982, 1151981, 'Mutter'), 
 (1151981, 2043524, 'Schwager'), 
 (2043524, 1151982, 'Schwiegersohn'), 
 (2164891, 1151982, 'Ehemann'), 
 (2413324, 1151982, 'Tochter'), 
 (2164891, 1151992, 'Schwiegervater'), 
 (2262388, 1917693, 'Ehefrau'), 
 (1151992, 2410855, 'Schwager'), 
 (2043524, 2164891, 'Schwiegersohn'), 
 (2413324, 1151981, 'Schwester'), 
 (2413324, 2164891, 'Tochter'), 
 (1151981, 2413324, 'Bruder'), 
 (2413324, 1151992, 'Schwägerin'), 
 (2413324, 1151991, 'Schwester'), 
 (1151982, 2043524, 'Schwiegermutter'), 
 (1151981, 2164891, 'Sohn'), 
 (2410855, 1151991, 'Schwester'), 
 (2410855, 1151992, 'Schwägerin'), 
 (2410855, 2164891, 'Tochter'), 
 (2410855, 1151981, 'Schwester'), 
 (2164891, 2410855, 'Vater'), 
 (1151981, 2410849, 'Schwager'), 
 (2043524, 2410849, 'Schwager'), 
 (3219324, 1917693, 'Ehefrau'), 
 (2413324, 2043524, 'Ehefrau'), 
 (1151991, 2164891, 'Tochter'), 
 (1151991, 1151981, 'Schwester'), 
 (2410849, 1151992, 'Schwager'), 
 (2410855, 2410849, 'Ehefrau'), 
 (3317455, 1917693, 'Sohn'), 
 (2410855, 1151982, 'Tochter'), 
 (1151982, 2410849, 'Schwiegermutter'), 
 (1151991, 1151982, 'Tochter'), 
 (1151992, 1151991, 'Ehemann'), 
 (2043524, 2413324, 'Ehemann'), 
 (2164891, 2413324, 'Vater'), 
 (2410849, 2164891, 'Schwiegersohn'), 
 (2410855, 2043524, 'Schwägerin'), 
 (1917693, 3219324, 'Ehemann'), 
 (2262388, 3317455, 'Mutter'), 
 (1917693, 3317455, 'Vater');
Insert into integrated.related_to(person1_id, person2_id, type) values 
 (1774363, 1690473, 'Ehefrau'), 
 (2043524, 2410855, 'Schwager'), 
 (1151982, 2410855, 'Mutter'), 
 (2164891, 2410849, 'Schwiegervater'), 
 (1151991, 2043524, 'Schwägerin'), 
 (1151981, 1151991, 'Bruder'), 
 (1151992, 2164891, 'Schwiegersohn'), 
 (1917693, 2262388, 'Ehemann'), 
 (2410849, 1151981, 'Schwager'), 
 (2410849, 1151982, 'Schwiegersohn'), 
 (2410849, 2043524, 'Schwager'), 
 (3317455, 2262388, 'Sohn'), 
 (2410849, 1151991, 'Schwager'), 
 (2413324, 2410849, 'Schwägerin'), 
 (2413324, 2410855, 'Schwester'), 
 (1151992, 1151981, 'Schwager'), 
 (1151992, 2043524, 'Schwager'), 
 (1151982, 2164891, 'Ehefrau'), 
 (1151982, 2413324, 'Mutter'), 
 (1151992, 1151982, 'Schwiegersohn'), 
 (1151991, 2410855, 'Schwester'), 
 (1151991, 2410849, 'Schwägerin'), 
 (2043524, 1151992, 'Schwager'), 
 (2164891, 1151991, 'Vater'), 
 (2164891, 1151981, 'Vater'), 
 (1151981, 1151992, 'Schwager'), 
 (1732049, 87906, 'Ehemann'), 
 (2164891, 2043524, 'Schwiegervater'), 
 (2410849, 2410855, 'Ehemann'), 
 (2410855, 2413324, 'Schwester'), 
 (1151992, 2410849, 'Schwager'), 
 (1151991, 1151992, 'Ehefrau'), 
 (1151982, 1151992, 'Schwiegermutter'), 
 (1151991, 2413324, 'Schwester');
Insert into integrated.person_party(party_id, person_id) values 
 (53, 3830141), 
 (137, 3833212), 
 (137, 3833212);
Insert into integrated.death(person_id, place_id, "year", "month", "day") values 
 (240340, 13555, 1964, 1, 17), 
 (171199, 13074, 2013, 8, 28), 
 (1774363, 18767, 2009, 1, 23), 
 (2069995, 15700, 2014, 10, 2), 
 (1253988, 13245, 1843, 6, 19), 
 (2161778, 17005, 1738, 8, 27), 
 (3349626, 14426, 1881, 12, 31), 
 (3594687, 18777, 1943, 11, 10), 
 (2287535, 16116, 1657, 1, 5), 
 (2909504, 13772, 1818, 10, 19), 
 (1972667, 12277, 1878, 10, 28), 
 (3766661, 12006, 1981, 7, 4), 
 (1151981, 14946, 1621, 2, 18);
Insert into integrated.birth(person_id, place_id, "year", "month", "day", first_name, last_name) values 
 (1917693, 37026, 1930, 4, 3, 'Helmut Josef Michael', 'Kohl');
Insert into integrated.candidacy(candidate, parliament, constituency, party_id, state_id, result, num, mandate, ended) values 
 (3830141, '{E19542ED-9859-4C33-86B8-8D0FEE3B6134}', '{3E06F282-5DB0-453F-AADE-255191951978}', 53, null, 0.4, 33, null, null);
