-- encoding UTF-8
-- 
-- generated by Jailer 5.0.2, Tue Jan 12 16:21:22 CET 2016 from jreschke@CE08657
-- 
-- Extraction Model:  integrated.person where last_name = 'Merkel' (C:\Users\jreschke\Documents\HPI\Informationsintegration\jailer-for-integrated\person-subset.csv)
-- Database:          PostgreSQL
-- Database URL:      jdbc:postgresql:infoint
-- Database User:     infoint
-- 
-- Exported Rows:     962
-- 
--     almamater                      1
--     author                         1
--     auxiliary_income               7
--     birth                          122
--     book                           6
--     candidacy                      1
--     country                        1
--     death                          45
--     occupation                     115
--     parliament                     1
--     party                          2
--     person                         380
--     person_occupation              237
--     person_party                   2
--     place                          14
--     politician                     2
--     related_to                     20
--     state                          1
--     university                     1
--     work                           3
-- 
Insert into integrated.parliament(uuid, name, start_date, end_date, election_date) values 
 ('f8922b9c3f0244e2a72954055b74c860', 'Bundestag', null, null, null);
Insert into integrated.occupation(id, label) values 
 (747, 'Buchdrucker'), 
 (32, 'Maler'), 
 (27, 'Psychologin'), 
 (3209, 'Überseekaufmann'), 
 (679, 'Biochemiker'), 
 (48, 'Arzt'), 
 (9668, 'Verkehrsplaner'), 
 (1549, 'Wissenschaftliche Bibliothekarin'), 
 (251, 'Philologe'), 
 (64, 'Illustratorin'), 
 (34, 'Politiker'), 
 (43, 'Pädagoge'), 
 (45, 'Ingenieur'), 
 (396, 'Ingenieurin'), 
 (211, 'Richter'), 
 (558, 'Orthopäde'), 
 (367, 'Buchhändler'), 
 (174, 'Wirtschaftswissenschaftlerin'), 
 (15, 'Schauspielerin'), 
 (501, 'Sozialwissenschaftlerin'), 
 (10, 'Künstler'), 
 (79, 'Fotograf'), 
 (83, 'Chemiker'), 
 (985, 'Religionswissenschaftler'), 
 (28, 'Soziologe'), 
 (17, 'Jurist'), 
 (493, 'Agrarwissenschaftler'), 
 (58, 'Schriftsteller'), 
 (2003, 'Hydrogeologe'), 
 (326, 'Rechtsanwalt'), 
 (775, 'Stadtrat'), 
 (765, 'Finanzanalyst'), 
 (30, 'Schriftstellerin'), 
 (13343, 'Schatzrat'), 
 (530, 'Ornithologe'), 
 (3218, 'Fabrikant'), 
 (4116, 'Aufnahmeleiter'), 
 (259, 'Zahnarzt'), 
 (26, 'Philosoph'), 
 (582, 'Sportjournalist'), 
 (2247, 'Patriziat'), 
 (293, 'Unternehmer'), 
 (696, 'Gutsherr'), 
 (278, 'Apothekerin'), 
 (745, 'Justizbeamter'), 
 (179, 'Zahnärztin'), 
 (270, 'Autor'), 
 (73, 'Lehrer'), 
 (184, 'Archäologe'), 
 (869, 'Konrektor');
Insert into integrated.occupation(id, label) values 
 (91, 'Evangelischer Theologe'), 
 (2654, 'Katechetin'), 
 (2866, 'Geistlicher, ev.'), 
 (2272, 'Altistin'), 
 (13, 'Pfarrer'), 
 (113, 'Ärztin'), 
 (197, 'Bibliothekar'), 
 (281, 'Bildhauer'), 
 (1064, 'Grafikdesignerin'), 
 (1152, 'Fußballtrainer'), 
 (334, 'Schulleiter'), 
 (350, 'Redakteurin'), 
 (5, 'Architekt'), 
 (22, 'Regisseur'), 
 (507, 'Politikerin'), 
 (318, 'Kunsthistoriker'), 
 (121, 'Assistenzarzt'), 
 (306, 'Apotheker'), 
 (117, 'Sängerin'), 
 (146, 'Sänger'), 
 (139, 'Wirtschaftswissenschaftler'), 
 (1195, 'Mineraloge'), 
 (133, 'Informatiker'), 
 (545, 'Papiermacher'), 
 (329, 'Buchhändlerin'), 
 (233, 'Informatikerin'), 
 (429, 'Sozialpädagogin'), 
 (1665, 'Berufsschullehrer'), 
 (437, 'Heilpraktiker'), 
 (54, 'Germanistin'), 
 (682, 'Tänzerin'), 
 (455, 'Architekturhistorikerin'), 
 (2, 'Maschinenbauingenieur'), 
 (21, 'Oberlehrer'), 
 (72, 'Biologe'), 
 (47, 'Physiker'), 
 (662, 'Superintendent'), 
 (215, 'Kaufmann'), 
 (3, 'Musiker'), 
 (51, 'Künstlerin'), 
 (9973, 'Sportfotograf'), 
 (108, 'Verleger'), 
 (1738, 'Pantomime'), 
 (398, 'Kameramann'), 
 (2548, 'Zeitungsverleger'), 
 (237, 'Kinderarzt'), 
 (93, 'Kunsthistorikerin'), 
 (961, 'Meteorologin'), 
 (797, 'Religionspädagoge'), 
 (218, 'Soziologin');
Insert into integrated.occupation(id, label) values 
 (196, 'Theologe'), 
 (1567, 'Erziehungswissenschaftler'), 
 (616, 'Kirchenrat'), 
 (23, 'Schauspieler'), 
 (41, 'Grafiker'), 
 (75, 'Drehbuchautor'), 
 (674, 'Geodät'), 
 (288, 'Germanist'), 
 (86, 'Biologin'), 
 (65, 'Politologe'), 
 (516, 'Landwirt'), 
 (35, 'Juristin'), 
 (67, 'Komponist'), 
 (144, 'Lehrerin'), 
 (187, 'Assistenzärztin');
Insert into integrated.university(uri, name) values 
 ('http://dbpedia.org/resource/Leipzig_University', 'Leipzig University');
Insert into integrated.party(id, uri, name) values 
 (65, null, 'CDU/CSU'), 
 (137, 'http://dbpedia.org/resource/Christian_Democratic_Union_of_Germany', 'Christlich Demokratische Union Deutschlands');
Insert into integrated.person(id, first_name, last_name, gender, email, url, twitter, degree, education, dbpedia_uri, wikidata_id, nyt_id, associated_articles_count, nyt_definition) values 
 (9116, 'Martin', 'Merkel', 'm', null, null, null, null, null, null, null, null, null, null), 
 (11998, 'Edwin W.', 'Merkel', 'm', null, null, null, null, null, null, null, null, null, null), 
 (13027, 'Philipp', 'Merkel', null, null, null, null, null, null, null, null, null, null, null), 
 (14564, 'Ralf', 'Merkel', 'm', null, null, null, null, null, null, null, null, null, null), 
 (29397, 'Christian', 'Merkel', null, null, null, null, null, null, null, null, null, null, null), 
 (51662, 'Joseph', 'Merkel', 'm', null, null, null, null, null, null, null, null, null, null), 
 (57712, 'Johann Friedrich', 'Merkel', 'm', null, null, null, null, null, null, null, null, null, null), 
 (62430, 'Gundolf', 'Merkel', 'm', null, null, null, null, null, null, null, null, null, null), 
 (77826, 'Hans Georg', 'Merkel', 'm', null, null, null, null, null, null, null, null, null, null), 
 (100040, 'Richard', 'Merkel', 'm', null, null, null, null, null, null, null, null, null, null), 
 (110528, 'Simone', 'Merkel', 'f', null, null, null, null, null, null, null, null, null, null), 
 (117939, 'Günter', 'Merkel', null, null, null, null, null, null, null, null, null, null, null), 
 (117940, 'Günter', 'Merkel', null, null, null, null, null, null, null, null, null, null, null), 
 (119831, 'Helmut', 'Merkel', null, null, null, null, null, null, null, null, null, null, null), 
 (125758, 'Joh. Friedr.', 'Merkel', 'm', null, null, null, null, null, null, null, null, null, null), 
 (125770, 'Friedrich', 'Merkel', 'm', null, null, null, null, null, null, null, null, null, null), 
 (130315, 'Stefan', 'Merkel', 'm', null, null, null, null, null, null, null, null, null, null), 
 (143941, 'Mahlchen', 'Merkel', 'f', null, null, null, null, null, null, null, null, null, null), 
 (145934, 'Georg', 'Merkel', 'm', null, null, null, null, null, null, null, null, null, null), 
 (167327, 'Karl', 'Merkel', 'm', null, null, null, null, null, null, null, null, null, null), 
 (171814, 'Sebastian', 'Merkel', 'm', null, null, null, null, null, null, null, null, null, null), 
 (180412, 'Karola', 'Merkel', 'f', null, null, null, null, null, null, null, null, null, null), 
 (196028, 'Julius', 'Merkel', 'm', null, null, null, null, null, null, null, null, null, null), 
 (196669, 'Marcus', 'Merkel', 'm', null, null, null, null, null, null, null, null, null, null), 
 (211705, 'Karl Richard', 'Merkel', 'm', null, null, null, null, null, null, null, null, null, null), 
 (218413, 'Philipp M.', 'Merkel', null, null, null, null, null, null, null, null, null, null, null), 
 (255286, 'Janet', 'Merkel', 'f', null, null, null, null, null, null, null, null, null, null), 
 (267057, 'Viktor', 'Merkel', 'm', null, null, null, null, null, null, null, null, null, null), 
 (270608, 'Peter', 'Merkel', 'm', null, null, null, null, null, null, null, null, null, null), 
 (272987, 'Franz', 'Merkel', 'm', null, null, null, null, null, null, null, null, null, null), 
 (277035, 'Christina', 'Merkel', 'f', null, null, null, null, null, null, null, null, null, null), 
 (296311, 'Sabrina', 'Merkel', null, null, null, null, null, null, null, null, null, null, null), 
 (297598, 'Petra', 'Merkel', null, null, null, null, null, null, null, null, null, null, null), 
 (311354, 'Ute', 'Merkel', 'f', null, null, null, null, null, null, null, null, null, null), 
 (336414, 'Marcel', 'Merkel', 'm', null, null, null, null, null, null, null, null, null, null), 
 (337824, 'Ronny', 'Merkel', 'm', null, null, null, null, null, null, null, null, null, null), 
 (338960, 'Ursula', 'Merkel', null, null, null, null, null, null, null, null, null, null, null), 
 (344709, 'Christine', 'Merkel', null, null, null, null, null, null, null, null, null, null, null), 
 (350452, 'Nicole', 'Merkel', 'f', null, null, null, null, null, null, null, null, null, null), 
 (351666, 'Klaus', 'Merkel', null, null, null, null, null, null, null, null, null, null, null), 
 (352726, 'Sarah Christine', 'Merkel', 'f', null, null, null, null, null, null, null, null, null, null), 
 (353618, 'Julia von', 'Merkel', null, null, null, null, null, null, null, null, null, null, null), 
 (356543, 'Thomas', 'Merkel', null, null, null, null, null, null, null, null, null, null, null), 
 (411479, 'Andreas', 'Merkel', null, null, null, null, null, null, null, null, null, null, null), 
 (413965, 'Friedrich Wilhelm', 'Merkel', 'm', null, null, null, null, null, null, null, null, null, null), 
 (422112, 'Emil', 'Merkel', 'm', null, null, null, null, null, null, null, null, null, null), 
 (423784, 'Andreas Sebastian', 'Merkel', 'm', null, null, null, null, null, null, null, null, null, null), 
 (436016, 'Mirjam Christine', 'Merkel', 'f', null, null, null, null, null, null, null, null, null, null), 
 (455900, 'Matthias', 'Merkel', null, null, null, null, null, null, null, null, null, null, null), 
 (482167, 'Helmut', 'Merkel', 'm', null, null, null, null, null, null, null, null, null, null);
Insert into integrated.person(id, first_name, last_name, gender, email, url, twitter, degree, education, dbpedia_uri, wikidata_id, nyt_id, associated_articles_count, nyt_definition) values 
 (484553, 'Markus', 'Merkel', 'm', null, null, null, null, null, null, null, null, null, null), 
 (491497, 'Stu', 'Merkel', null, null, null, null, null, null, null, null, null, null, null), 
 (518489, 'Stephen', 'Merkel', 'm', null, null, null, null, null, null, null, null, null, null), 
 (553674, 'Steffen', 'Merkel', 'm', null, null, null, null, null, null, null, null, null, null), 
 (565596, 'Ole', 'Merkel', 'm', null, null, null, null, null, null, null, null, null, null), 
 (565612, 'Philipp', 'Merkel', null, null, null, null, null, null, null, null, null, null, null), 
 (585492, 'Veit', 'Merkel', null, null, null, null, null, null, null, null, null, null, null), 
 (601888, 'Dorothee', 'Merkel', null, null, null, null, null, null, null, null, null, null, null), 
 (601889, 'Eugen Georg', 'Merkel', null, null, null, null, null, null, null, null, null, null, null), 
 (601890, 'Hans Hartwig', 'Merkel', null, null, null, null, null, null, null, null, null, null, null), 
 (601891, 'Helmuth', 'Merkel', null, null, null, null, null, null, null, null, null, null, null), 
 (601892, 'Klara', 'Merkel', null, null, null, null, null, null, null, null, null, null, null), 
 (601893, 'Kläre', 'Merkel', null, null, null, null, null, null, null, null, null, null, null), 
 (601894, 'Kurt Hans', 'Merkel', null, null, null, null, null, null, null, null, null, null, null), 
 (601895, 'Ludwig', 'Merkel', null, null, null, null, null, null, null, null, null, null, null), 
 (601896, 'Paul-Hermann', 'Merkel', null, null, null, null, null, null, null, null, null, null, null), 
 (629226, 'Ilse', 'Merkel', null, null, null, null, null, null, null, null, null, null, null), 
 (695185, 'E.', 'Merkel', null, null, null, null, null, null, null, null, null, null, null), 
 (695186, 'Ed.', 'Merkel', null, null, null, null, null, null, null, null, null, null, null), 
 (719769, 'Heinrich Wilhelm Ewald', 'Merkel', null, null, null, null, null, null, null, null, null, null, null), 
 (763524, 'Erwin', 'Merkel', null, null, null, null, null, null, null, null, null, null, null), 
 (797383, 'Albert', 'Merkel', null, null, null, null, null, null, null, null, null, null, null), 
 (809369, 'Helmuth', 'Merkel', null, null, null, null, null, null, null, null, null, null, null), 
 (818061, 'Eibert Heinrich Gottlieb', 'Merkel', 'm', null, null, null, null, null, null, null, null, null, null), 
 (832547, '...', 'Merkel', null, null, null, null, null, null, null, null, null, null, null), 
 (858730, 'Claus Theo', 'Merkel', null, null, null, null, null, null, null, null, null, null, null), 
 (858731, 'Heinrich', 'Merkel', null, null, null, null, null, null, null, null, null, null, null), 
 (858732, 'Ursula', 'Merkel', null, null, null, null, null, null, null, null, null, null, null), 
 (890544, 'Martin', 'Merkel', null, null, null, null, null, null, null, null, null, null, null), 
 (910081, 'Felicitas', 'Merkel', null, null, null, null, null, null, null, null, null, null, null), 
 (925216, 'Ivett', 'Merkel', null, null, null, null, null, null, null, null, null, null, null), 
 (956320, 'Ernst', 'Merkel', null, null, null, null, null, null, null, null, null, null, null), 
 (964488, 'Dirk', 'Merkel', null, null, null, null, null, null, null, null, null, null, null), 
 (981422, 'Reinhard', 'Merkel', null, null, null, null, null, null, null, null, null, null, null), 
 (1059059, 'Heinz', 'Merkel', null, null, null, null, null, null, null, null, null, null, null), 
 (1071138, 'Johann', 'Merkel', null, null, null, null, null, null, null, null, null, null, null), 
 (1071139, 'Richard', 'Merkel', null, null, null, null, null, null, null, null, null, null, null), 
 (1078440, 'Julie Ernestine Henriette', 'Merkel', null, null, null, null, null, null, null, null, null, null, null), 
 (1090552, 'Georg Nikolaus', 'Merkel', 'm', null, null, null, null, null, null, null, null, null, null), 
 (1090556, 'Sebastian', 'Merkel', 'm', null, null, null, null, null, null, null, null, null, null), 
 (1110492, 'Carl Otto', 'Merkel', 'm', null, null, null, null, null, null, null, null, null, null), 
 (1110795, 'Emma', 'Merkel', 'f', null, null, null, null, null, null, null, null, null, null), 
 (1110884, '...', 'Merkel', 'm', null, null, null, null, null, null, null, null, null, null), 
 (1110885, 'Karl Theodor Emanuel', 'Merkel', 'm', null, null, null, null, null, null, null, null, null, null), 
 (1110886, 'Johann D. Gottlieb', 'Merkel', 'm', null, null, null, null, null, null, null, null, null, null), 
 (1132967, 'R.', 'Merkel', null, null, null, null, null, null, null, null, null, null, null), 
 (1145992, 'Frl.', 'Merkel', 'f', null, null, null, null, null, null, null, null, null, null), 
 (1148583, 'Ernst Josef', 'Merkel', 'm', null, null, null, null, null, null, null, null, null, null), 
 (1175186, 'O. P.', 'Merkel', null, null, null, null, null, null, null, null, null, null, null), 
 (1175187, 'G.', 'Merkel', null, null, null, null, null, null, null, null, null, null, null);
Insert into integrated.person(id, first_name, last_name, gender, email, url, twitter, degree, education, dbpedia_uri, wikidata_id, nyt_id, associated_articles_count, nyt_definition) values 
 (1187882, '...', 'Merkel', null, null, null, null, null, null, null, null, null, null, null), 
 (1195926, 'Ingrid', 'Merkel', null, null, null, null, null, null, null, null, null, null, null), 
 (1208796, 'A. H.', 'Merkel', null, null, null, null, null, null, null, null, null, null, null), 
 (1208835, 'Andreas Heinrich', 'Merkel', null, null, null, null, null, null, null, null, null, null, null), 
 (1211930, 'C. H. G.', 'Merkel', null, null, null, null, null, null, null, null, null, null, null), 
 (1216943, 'Eugen Friedrich', 'Merkel', null, null, null, null, null, null, null, null, null, null, null), 
 (1220160, 'Joseph', 'Merkel', null, null, null, null, null, null, null, null, null, null, null), 
 (1221359, 'Hans', 'Merkel', null, null, null, null, null, null, null, null, null, null, null), 
 (1230463, 'Carlo', 'Merkel', null, null, null, null, null, null, null, null, null, null, null), 
 (1236298, 'Emil August', 'Merkel', null, null, null, null, null, null, null, null, null, null, null), 
 (1249360, 'Ida von', 'Merkel', null, null, null, null, null, null, null, null, null, null, null), 
 (1249551, 'Bertha', 'Merkel', null, null, null, null, null, null, null, null, null, null, null), 
 (1271405, 'C. G.', 'Merkel', null, null, null, null, null, null, null, null, null, null, null), 
 (1293888, 'Ursula', 'Merkel', null, null, null, null, null, null, null, null, null, null, null), 
 (1323813, 'Johannes', 'Merkel', null, null, null, null, null, null, null, null, null, null, null), 
 (1384508, 'Klaus', 'Merkel', null, null, null, null, null, null, null, null, null, null, null), 
 (1447465, 'Kristina', 'Merkel', 'f', null, null, null, null, null, null, null, null, null, null), 
 (1449610, 'William', 'Merkel', 'm', null, null, null, null, null, null, null, null, null, null), 
 (1479845, 'Leo', 'Merkel', 'm', null, null, null, null, null, null, null, null, null, null), 
 (1524722, 'Klaus-Jürgen', 'Merkel', 'm', null, null, null, null, null, null, null, null, null, null), 
 (1534587, 'Manfred', 'Merkel', 'm', null, null, null, null, null, null, null, null, null, null), 
 (1534642, 'Gernot', 'Merkel', 'm', null, null, null, null, null, null, null, null, null, null), 
 (1548513, 'Harry', 'Merkel', 'm', null, null, null, null, null, null, null, null, null, null), 
 (1548737, 'Adriano', 'Merkel', 'm', null, null, null, null, null, null, null, null, null, null), 
 (1558638, 'Dieter', 'Merkel', null, null, null, null, null, null, null, null, null, null, null), 
 (1573406, 'J.', 'Merkel', null, null, null, null, null, null, null, null, null, null, null), 
 (1575149, 'Giovanni', 'Merkel', null, null, null, null, null, null, null, null, null, null, null), 
 (1575894, 'Manfred', 'Merkel', null, null, null, null, null, null, null, null, null, null, null), 
 (1582201, 'Georg Nikolaus', 'Merkel', null, null, null, null, null, null, null, null, null, null, null), 
 (1587498, 'Gustav', 'Merkel', 'm', null, null, null, null, null, null, null, null, null, null), 
 (1599391, 'Rudolf', 'Merkel', 'm', null, null, null, null, null, null, null, null, null, null), 
 (1617285, 'Dankegott Immanuel', 'Merkel', 'm', null, null, null, null, null, null, null, null, null, null), 
 (1617286, 'Rudolph', 'Merkel', 'm', null, null, null, null, null, null, null, null, null, null), 
 (1623366, 'Johannes', 'Merkel', 'm', null, null, null, null, null, null, null, null, null, null), 
 (1625062, 'Paul Johannes', 'Merkel', 'm', null, null, null, null, null, null, null, null, null, null), 
 (1627321, 'Rudolf', 'Merkel', 'm', null, null, null, null, null, null, null, null, null, null), 
 (1652674, 'Gottlieb', 'Merkel', 'm', null, null, null, null, null, null, null, null, null, null), 
 (1654007, 'Friedrich Gottlieb', 'Merkel', null, null, null, null, null, null, null, null, null, null, null), 
 (1658193, 'Georg Nikolaus', 'Merkel', null, null, null, null, null, null, null, null, null, null, null), 
 (1661308, 'Carl Ludwig', 'Merkel', 'm', null, null, null, null, null, null, null, null, null, null), 
 (1677849, 'Bernd', 'Merkel', 'm', null, null, null, null, null, null, null, null, null, null), 
 (1688312, 'Gottlieb', 'Merkel', 'm', null, null, null, null, null, null, null, null, null, null), 
 (1695035, 'Ina', 'Merkel', 'f', null, null, null, null, null, null, null, null, null, null), 
 (1703439, 'Wilma', 'Merkel', 'f', null, null, null, null, null, null, null, null, null, null), 
 (1733323, 'Annette', 'Merkel', null, null, null, null, null, null, null, null, null, null, null), 
 (1824287, 'Heinrich', 'Merkel', 'm', null, null, null, null, null, null, null, null, null, null), 
 (1824289, 'Carlo Antonio', 'Merkel', 'm', null, null, null, null, null, null, null, null, null, null), 
 (1824292, 'David', 'Merkel', 'm', null, null, null, null, null, null, null, null, null, null), 
 (1824293, 'Eduard', 'Merkel', 'm', null, null, null, null, null, null, null, null, null, null), 
 (1824295, 'Ernst', 'Merkel', 'm', null, null, null, null, null, null, null, null, null, null);
Insert into integrated.person(id, first_name, last_name, gender, email, url, twitter, degree, education, dbpedia_uri, wikidata_id, nyt_id, associated_articles_count, nyt_definition) values 
 (1824297, 'Felicitas', 'Merkel', 'f', null, null, null, null, null, null, null, null, null, null), 
 (1824299, 'Franz Rudolf', 'Merkel', 'm', null, null, null, null, null, null, null, null, null, null), 
 (1824302, 'Friedrich Siegmund', 'Merkel', 'm', null, null, null, null, null, null, null, null, null, null), 
 (1824313, 'Georg Julius', 'Merkel', 'm', null, null, null, null, null, null, null, null, null, null), 
 (1824315, 'Georg', 'Merkel', 'm', null, null, null, null, null, null, null, null, null, null), 
 (1824316, 'Georg Franz', 'Merkel', 'm', null, null, null, null, null, null, null, null, null, null), 
 (1824319, 'Gottlieb von', 'Merkel', 'm', null, null, null, null, null, null, null, null, null, null), 
 (1824323, 'Hans W...', 'Merkel', 'm', null, null, null, null, null, null, null, null, null, null), 
 (1824325, 'Helene', 'Merkel', 'f', null, null, null, null, null, null, null, null, null, null), 
 (1824328, 'Hermann', 'Merkel', 'm', null, null, null, null, null, null, null, null, null, null), 
 (1824330, 'Ignaz', 'Merkel', 'm', null, null, null, null, null, null, null, null, null, null), 
 (1824332, 'Johann', 'Merkel', 'm', null, null, null, null, null, null, null, null, null, null), 
 (1824336, 'Johann', 'Merkel', 'm', null, null, null, null, null, null, null, null, null, null), 
 (1824344, 'Josef', 'Merkel', 'm', null, null, null, null, null, null, null, null, null, null), 
 (1824346, 'Julius', 'Merkel', 'm', null, null, null, null, null, null, null, null, null, null), 
 (1824350, 'Carl', 'Merkel', 'm', null, null, null, null, null, null, null, null, null, null), 
 (1824352, 'Carl Christoph', 'Merkel', 'm', null, null, null, null, null, null, null, null, null, null), 
 (1824357, 'Otto Julius', 'Merkel', 'm', null, null, null, null, null, null, null, null, null, null), 
 (1824361, 'Paul', 'Merkel', 'm', null, null, null, null, null, null, null, null, null, null), 
 (1824362, 'Paul', 'Merkel', 'm', null, null, null, null, null, null, null, null, null, null), 
 (1824364, 'Paul Gottlieb', 'Merkel', 'm', null, null, null, null, null, null, null, null, null, null), 
 (1824375, 'Sophie', 'Merkel', 'f', null, null, null, null, null, null, null, null, null, null), 
 (1824379, 'Sophie', 'Merkel', 'f', null, null, null, null, null, null, null, null, null, null), 
 (1825216, 'Trudel', 'Merkel', 'f', null, null, null, null, null, null, null, null, null, null), 
 (1825217, 'Willy', 'Merkel', 'm', null, null, null, null, null, null, null, null, null, null), 
 (1825218, 'Wolfgang', 'Merkel', 'm', null, null, null, null, null, null, null, null, null, null), 
 (1825487, 'Johannes', 'Merkel', 'm', null, null, null, null, null, null, null, null, null, null), 
 (1825521, 'Paul', 'Merkel', 'm', null, null, null, null, null, null, null, null, null, null), 
 (1881860, 'Paul', 'Merkel', 'm', null, null, null, null, null, null, null, null, null, null), 
 (1892767, 'Alvine', 'Merkel', 'f', null, null, null, null, null, null, null, null, null, null), 
 (1897332, 'Karl', 'Merkel', 'm', null, null, null, null, null, null, null, null, null, null), 
 (1897567, 'Anna', 'Merkel', 'f', null, null, null, null, null, null, null, null, null, null), 
 (1900293, 'Beatrice', 'Merkel', null, null, null, null, null, null, null, null, null, null, null), 
 (1906654, 'Matthias', 'Merkel', null, null, null, null, null, null, null, null, null, null, null), 
 (1908895, 'Jürgen', 'Merkel', null, null, null, null, null, null, null, null, null, null, null), 
 (1919343, 'Adolf', 'Merkel', 'm', null, null, null, null, null, null, null, null, null, null), 
 (1919344, 'Carl', 'Merkel', 'm', null, null, null, null, null, null, null, null, null, null), 
 (1919345, 'Garlieb Helwig', 'Merkel', 'm', null, null, null, null, null, null, null, null, null, null), 
 (1919346, 'Max', 'Merkel', 'm', null, null, null, null, null, null, null, null, null, null), 
 (1947894, 'Johann', 'Merkel', null, null, null, null, null, null, null, null, null, null, null), 
 (1967268, 'Paul Wolfgang', 'Merkel', null, null, null, null, null, null, null, null, null, null, null), 
 (1975858, 'Gustav', 'Merkel', 'm', null, null, null, null, null, null, null, null, null, null), 
 (1977620, 'Konrad', 'Merkel', 'm', null, null, null, null, null, null, null, null, null, null), 
 (2001122, 'August Fürchtegott', 'Merkel', null, null, null, null, null, null, null, null, null, null, null), 
 (2013664, 'Klaus', 'Merkel', null, null, null, null, null, null, null, null, null, null, null), 
 (2015236, 'Angela', 'Merkel', 'f', null, null, null, null, null, null, null, null, null, null), 
 (2023157, 'Eva-Maria', 'Merkel', null, null, null, null, null, null, null, null, null, null, null), 
 (2023162, 'Eva Maria', 'Merkel', null, null, null, null, null, null, null, null, null, null, null), 
 (2043136, 'Thomas', 'Merkel', null, null, null, null, null, null, null, null, null, null, null), 
 (2052766, 'Klaus', 'Merkel', null, null, null, null, null, null, null, null, null, null, null);
Insert into integrated.person(id, first_name, last_name, gender, email, url, twitter, degree, education, dbpedia_uri, wikidata_id, nyt_id, associated_articles_count, nyt_definition) values 
 (2070647, 'Wolfgang', 'Merkel', 'm', null, null, null, null, null, null, null, null, null, null), 
 (2073443, 'Albrecht Ernst Emil', 'Merkel', null, null, null, null, null, null, null, null, null, null, null), 
 (2073725, 'Daniel', 'Merkel', null, null, null, null, null, null, null, null, null, null, null), 
 (2075938, 'Udo', 'Merkel', 'm', null, null, null, null, null, null, null, null, null, null), 
 (2094359, 'Hansi-Christiane', 'Merkel', null, null, null, null, null, null, null, null, null, null, null), 
 (2096642, 'Tobias', 'Merkel', null, null, null, null, null, null, null, null, null, null, null), 
 (2133805, 'Florian', 'Merkel', 'm', null, null, null, null, null, null, null, null, null, null), 
 (2144523, 'Salomon Tobias', 'Merkel', null, null, null, null, null, null, null, null, null, null, null), 
 (2149181, 'Dietrich', 'Merkel', null, null, null, null, null, null, null, null, null, null, null), 
 (2150120, 'Friedrich', 'Merkel', null, null, null, null, null, null, null, null, null, null, null), 
 (2155138, 'Matthias Johannes', 'Merkel', null, null, null, null, null, null, null, null, null, null, null), 
 (2172741, 'Franz', 'Merkel', null, null, null, null, null, null, null, null, null, null, null), 
 (2181621, 'Dagmar', 'Merkel', null, null, null, null, null, null, null, null, null, null, null), 
 (2184583, 'Anke', 'Merkel', null, null, null, null, null, null, null, null, null, null, null), 
 (2206390, 'Felix', 'Merkel', 'm', null, null, null, null, null, null, null, null, null, null), 
 (2221057, 'Georg', 'Merkel', null, null, null, null, null, null, null, null, null, null, null), 
 (2228600, 'Wolfgang', 'Merkel', null, null, null, null, null, null, null, null, null, null, null), 
 (2230824, 'Andreas', 'Merkel', 'm', null, null, null, null, null, null, null, null, null, null), 
 (2235784, 'Rainer', 'Merkel', 'm', null, null, null, null, null, null, null, null, null, null), 
 (2240438, 'Ulrike', 'Merkel', null, null, null, null, null, null, null, null, null, null, null), 
 (2266388, 'Andreas Franz', 'Merkel', null, null, null, null, null, null, null, null, null, null, null), 
 (2272803, 'Anneliese', 'Merkel', 'f', null, null, null, null, null, null, null, null, null, null), 
 (2278955, 'Christin', 'Merkel', null, null, null, null, null, null, null, null, null, null, null), 
 (2300902, 'Hermann', 'Merkel', 'm', null, null, null, null, null, null, null, null, null, null), 
 (2312007, 'Salomon Friedrich', 'Merkel', 'm', null, null, null, null, null, null, null, null, null, null), 
 (2318913, 'Inge', 'Merkel', null, null, null, null, null, null, null, null, null, null, null), 
 (2358955, 'Melitta', 'Merkel', null, null, null, null, null, null, null, null, null, null, null), 
 (2358956, 'Paula', 'Merkel', null, null, null, null, null, null, null, null, null, null, null), 
 (2369184, 'Elke', 'Merkel', null, null, null, null, null, null, null, null, null, null, null), 
 (2401209, 'Stella', 'Merkel', null, null, null, null, null, null, null, null, null, null, null), 
 (2407378, 'Ulrike', 'Merkel', null, null, null, null, null, null, null, null, null, null, null), 
 (2439350, 'Christian', 'Merkel', null, null, null, null, null, null, null, null, null, null, null), 
 (2443830, 'Michael', 'Merkel', null, null, null, null, null, null, null, null, null, null, null), 
 (2459021, 'Gabriele', 'Merkel', null, null, null, null, null, null, null, null, null, null, null), 
 (2499290, 'Gunter', 'Merkel', null, null, null, null, null, null, null, null, null, null, null), 
 (2504263, 'Rudolf', 'Merkel', null, null, null, null, null, null, null, null, null, null, null), 
 (2504268, 'Hermann', 'Merkel', 'm', null, null, null, null, null, null, null, null, null, null), 
 (2527691, 'Ute', 'Merkel', null, null, null, null, null, null, null, null, null, null, null), 
 (2611995, 'Hannelore', 'Merkel', null, null, null, null, null, null, null, null, null, null, null), 
 (2632265, 'Christian', 'Merkel', null, null, null, null, null, null, null, null, null, null, null), 
 (2641891, 'Daniel', 'Merkel', null, null, null, null, null, null, null, null, null, null, null), 
 (2678681, 'Oliver', 'Merkel', null, null, null, null, null, null, null, null, null, null, null), 
 (2679928, 'Patrick', 'Merkel', null, null, null, null, null, null, null, null, null, null, null), 
 (2689445, 'Daniel', 'Merkel', null, null, null, null, null, null, null, null, null, null, null), 
 (2703927, 'Richard', 'Merkel', null, null, null, null, null, null, null, null, null, null, null), 
 (2713190, 'Oliver', 'Merkel', null, null, null, null, null, null, null, null, null, null, null), 
 (2716988, 'Anton Robert', 'Merkel', null, null, null, null, null, null, null, null, null, null, null), 
 (2716996, 'Oskar', 'Merkel', null, null, null, null, null, null, null, null, null, null, null), 
 (2721814, 'Wolfgang', 'Merkel', null, null, null, null, null, null, null, null, null, null, null), 
 (2731097, 'Grischa', 'Merkel', 'f', null, null, null, null, null, null, null, null, null, null);
Insert into integrated.person(id, first_name, last_name, gender, email, url, twitter, degree, education, dbpedia_uri, wikidata_id, nyt_id, associated_articles_count, nyt_definition) values 
 (2733747, 'Andreas', 'Merkel', 'm', null, null, null, null, null, null, null, null, null, null), 
 (2760196, 'Peter', 'Merkel', null, null, null, null, null, null, null, null, null, null, null), 
 (2787174, 'Nick', 'Merkel', null, null, null, null, null, null, null, null, null, null, null), 
 (2789498, 'Reinhard', 'Merkel', 'm', null, null, null, null, null, null, null, null, null, null), 
 (2835813, 'Richard', 'Merkel', null, null, null, null, null, null, null, null, null, null, null), 
 (2850204, 'Clemens', 'Merkel', 'm', null, null, null, null, null, null, null, null, null, null), 
 (2850541, 'Artur', 'Merkel', null, null, null, null, null, null, null, null, null, null, null), 
 (2852120, 'Jean-Paul', 'Merkel', 'm', null, null, null, null, null, null, null, null, null, null), 
 (2866369, 'Hellmuth', 'Merkel', 'm', null, null, null, null, null, null, null, null, null, null), 
 (2896948, 'Friedrich', 'Merkel', null, null, null, null, null, null, null, null, null, null, null), 
 (2898376, 'Ettore', 'Merkel', null, null, null, null, null, null, null, null, null, null, null), 
 (2899186, 'Nico', 'Merkel', null, null, null, null, null, null, null, null, null, null, null), 
 (2920069, 'Andreas', 'Merkel', null, null, null, null, null, null, null, null, null, null, null), 
 (2948360, 'Paul von', 'Merkel', 'm', null, null, null, null, null, null, null, null, null, null), 
 (2952671, 'Hans', 'Merkel', null, null, null, null, null, null, null, null, null, null, null), 
 (2962734, 'Dan', 'Merkel', null, null, null, null, null, null, null, null, null, null, null), 
 (2977999, 'Philipp', 'Merkel', null, null, null, null, null, null, null, null, null, null, null), 
 (2978013, 'Lars', 'Merkel', 'm', null, null, null, null, null, null, null, null, null, null), 
 (2982445, 'Ulrike', 'Merkel', null, null, null, null, null, null, null, null, null, null, null), 
 (2987815, 'Adolf', 'Merkel', 'm', null, null, null, null, null, null, null, null, null, null), 
 (2987817, 'Andreas', 'Merkel', 'm', null, null, null, null, null, null, null, null, null, null), 
 (2987818, 'Christoph Clemens', 'Merkel', 'm', null, null, null, null, null, null, null, null, null, null), 
 (2987819, 'Daniel', 'Merkel', 'm', null, null, null, null, null, null, null, null, null, null), 
 (2987821, 'Ernst', 'Merkel', 'm', null, null, null, null, null, null, null, null, null, null), 
 (2987824, 'Friedrich', 'Merkel', 'm', null, null, null, null, null, null, null, null, null, null), 
 (2987826, 'Georg Franz', 'Merkel', 'm', null, null, null, null, null, null, null, null, null, null), 
 (2987831, 'Heinrich', 'Merkel', 'm', null, null, null, null, null, null, null, null, null, null), 
 (2987835, 'Hugo', 'Merkel', 'm', null, null, null, null, null, null, null, null, null, null), 
 (2987837, 'Johann Ludwig', 'Merkel', 'm', null, null, null, null, null, null, null, null, null, null), 
 (2987841, 'Johannes', 'Merkel', 'm', null, null, null, null, null, null, null, null, null, null), 
 (2987843, 'Johannes', 'Merkel', 'm', null, null, null, null, null, null, null, null, null, null), 
 (2987845, 'Caspar Gottlieb', 'Merkel', 'm', null, null, null, null, null, null, null, null, null, null), 
 (2987848, 'Sigmund', 'Merkel', 'm', null, null, null, null, null, null, null, null, null, null), 
 (3009754, 'Dieter', 'Merkel', null, null, null, null, null, null, null, null, null, null, null), 
 (3010624, 'Sascha', 'Merkel', null, null, null, null, null, null, null, null, null, null, null), 
 (3017775, 'H.', 'Merkel', 'm', null, null, null, null, null, null, null, null, null, null), 
 (3020130, 'Anke', 'Merkel', null, null, null, null, null, null, null, null, null, null, null), 
 (3034137, 'Rainer', 'Merkel', 'm', null, null, null, null, null, null, null, null, null, null), 
 (3045012, 'Ulrich Richard', 'Merkel', null, null, null, null, null, null, null, null, null, null, null), 
 (3045991, 'Jesko Friedrich', 'Merkel', null, null, null, null, null, null, null, null, null, null, null), 
 (3066940, 'Günter B.', 'Merkel', null, null, null, null, null, null, null, null, null, null, null), 
 (3067753, 'Michael', 'Merkel', 'm', null, null, null, null, null, null, null, null, null, null), 
 (3073486, 'Johannes', 'Merkel', null, null, null, null, null, null, null, null, null, null, null), 
 (3084689, 'Hans', 'Merkel', null, null, null, null, null, null, null, null, null, null, null), 
 (3091411, 'Anja', 'Merkel', null, null, null, null, null, null, null, null, null, null, null), 
 (3093407, 'Jan', 'Merkel', null, null, null, null, null, null, null, null, null, null, null), 
 (3094366, 'Karin Melanie', 'Merkel', null, null, null, null, null, null, null, null, null, null, null), 
 (3098465, 'Casjen', 'Merkel', null, null, null, null, null, null, null, null, null, null, null), 
 (3098994, 'Olivia Monika', 'Merkel', null, null, null, null, null, null, null, null, null, null, null), 
 (3126759, 'Linda-Maria', 'Merkel', 'f', null, null, null, null, null, null, null, null, null, null);
Insert into integrated.person(id, first_name, last_name, gender, email, url, twitter, degree, education, dbpedia_uri, wikidata_id, nyt_id, associated_articles_count, nyt_definition) values 
 (3126809, 'Aemilius Ludwig Friedrich', 'Merkel', null, null, null, null, null, null, null, null, null, null, null), 
 (3126970, 'Beate', 'Merkel', null, null, null, null, null, null, null, null, null, null, null), 
 (3126993, 'Wolfgang', 'Merkel', null, null, null, null, null, null, null, null, null, null, null), 
 (3127007, 'Rainer', 'Merkel', null, null, null, null, null, null, null, null, null, null, null), 
 (3127019, 'Peter', 'Merkel', null, null, null, null, null, null, null, null, null, null, null), 
 (3162055, 'Elisa', 'Merkel', null, null, null, null, null, null, null, null, null, null, null), 
 (3167326, 'Michael', 'Merkel', null, null, null, null, null, null, null, null, null, null, null), 
 (3181543, 'Andreas', 'Merkel', null, null, null, null, null, null, null, null, null, null, null), 
 (3181550, 'Rudolf', 'Merkel', null, null, null, null, null, null, null, null, null, null, null), 
 (3183621, 'Annette', 'Merkel', null, null, null, null, null, null, null, null, null, null, null), 
 (3201294, 'Klaus', 'Merkel', 'm', null, null, null, null, null, null, null, null, null, null), 
 (3207726, 'Wolfgang Andreas', 'Merkel', null, null, null, null, null, null, null, null, null, null, null), 
 (3208094, 'William G.', 'Merkel', null, null, null, null, null, null, null, null, null, null, null), 
 (3231468, 'Johann Baptist', 'Merkel', null, null, null, null, null, null, null, null, null, null, null), 
 (3231960, 'Saskia Christa Agnes', 'Merkel', null, null, null, null, null, null, null, null, null, null, null), 
 (3265954, 'Ernst', 'Merkel', null, null, null, null, null, null, null, null, null, null, null), 
 (3267792, 'Kurt', 'Merkel', null, null, null, null, null, null, null, null, null, null, null), 
 (3270244, 'Reiner', 'Merkel', null, null, null, null, null, null, null, null, null, null, null), 
 (3272251, 'Christian', 'Merkel', null, null, null, null, null, null, null, null, null, null, null), 
 (3274152, 'Thomas', 'Merkel', null, null, null, null, null, null, null, null, null, null, null), 
 (3287767, 'Marcel', 'Merkel', null, null, null, null, null, null, null, null, null, null, null), 
 (3302416, 'Eugen', 'Merkel', 'm', null, null, null, null, null, null, null, null, null, null), 
 (3303085, 'Johann Nepomuk', 'Merkel', null, null, null, null, null, null, null, null, null, null, null), 
 (3304074, 'Eugen', 'Merkel', null, null, null, null, null, null, null, null, null, null, null), 
 (3304591, 'Gerhard', 'Merkel', null, null, null, null, null, null, null, null, null, null, null), 
 (3305175, 'Gottlieb', 'Merkel', null, null, null, null, null, null, null, null, null, null, null), 
 (3305377, 'Heinrich G.', 'Merkel', 'm', null, null, null, null, null, null, null, null, null, null), 
 (3307333, 'Christina', 'Merkel', null, null, null, null, null, null, null, null, null, null, null), 
 (3308524, 'Katrin Maria', 'Merkel', null, null, null, null, null, null, null, null, null, null, null), 
 (3310948, 'Gottlieb', 'Merkel', 'm', null, null, null, null, null, null, null, null, null, null), 
 (3313493, 'Sebastian', 'Merkel', null, null, null, null, null, null, null, null, null, null, null), 
 (3327653, 'Thomas', 'Merkel', null, null, null, null, null, null, null, null, null, null, null), 
 (3346985, 'Dorothee', 'Merkel', 'f', null, null, null, null, null, null, null, null, null, null), 
 (3349039, 'Markus Dominic', 'Merkel', null, null, null, null, null, null, null, null, null, null, null), 
 (3349726, 'Philipp', 'Merkel', null, null, null, null, null, null, null, null, null, null, null), 
 (3355898, 'Uwe', 'Merkel', 'm', null, null, null, null, null, null, null, null, null, null), 
 (3376869, 'Konrad', 'Merkel', null, null, null, null, null, null, null, null, null, null, null), 
 (3379937, 'Gerhard', 'Merkel', 'm', null, null, null, null, null, null, null, null, null, null), 
 (3381838, 'Muriel E.', 'Merkel', null, null, null, null, null, null, null, null, null, null, null), 
 (3387373, 'Marion', 'Merkel', null, null, null, null, null, null, null, null, null, null, null), 
 (3449289, 'Helmut', 'Merkel', null, null, null, null, null, null, null, null, null, null, null), 
 (3456145, 'P.', 'Merkel', null, null, null, null, null, null, null, null, null, null, null), 
 (3462490, 'Andreas', 'Merkel', null, null, null, null, null, null, null, null, null, null, null), 
 (3464461, 'Fritz', 'Merkel', null, null, null, null, null, null, null, null, null, null, null), 
 (3481929, 'Ernst', 'Merkel', null, null, null, null, null, null, null, null, null, null, null), 
 (3541107, 'Broder', 'Merkel', 'm', null, null, null, null, null, null, null, null, null, null), 
 (3541108, 'Kerstin', 'Merkel', 'f', null, null, null, null, null, null, null, null, null, null), 
 (3541289, 'Eduard', 'Merkel', null, null, null, null, null, null, null, null, null, null, null), 
 (3548926, 'Ernst Christoph', 'Merkel', null, null, null, null, null, null, null, null, null, null, null), 
 (3560130, 'Jayne', 'Merkel', 'f', null, null, null, null, null, null, null, null, null, null);
Insert into integrated.person(id, first_name, last_name, gender, email, url, twitter, degree, education, dbpedia_uri, wikidata_id, nyt_id, associated_articles_count, nyt_definition) values 
 (3561433, 'Hermann', 'Merkel', 'm', null, null, null, null, null, null, null, null, null, null), 
 (3561665, 'Lisa', 'Merkel', 'f', null, null, null, null, null, null, null, null, null, null), 
 (3569867, 'Matthias', 'Merkel', 'm', null, null, null, null, null, null, null, null, null, null), 
 (3583077, 'Angela', 'Merkel', null, null, null, null, null, null, null, null, null, null, null), 
 (3583496, 'Friedemann', 'Merkel', 'm', null, null, null, null, null, null, null, null, null, null), 
 (3595170, 'Daniel', 'Merkel', null, null, null, null, null, null, null, null, null, null, null), 
 (3610441, 'Johannes', 'Merkel', null, null, null, null, null, null, null, null, null, null, null), 
 (3615942, 'Una', 'Merkel', 'f', null, null, null, null, null, null, null, null, null, null), 
 (3621121, 'Johann Thomas', 'Merkel', null, null, null, null, null, null, null, null, null, null, null), 
 (3621124, 'Anton Michael', 'Merkel', null, null, null, null, null, null, null, null, null, null, null), 
 (3629628, 'Steffen', 'Merkel', null, null, null, null, null, null, null, null, null, null, null), 
 (3653055, 'Daniela Rebecca', 'Merkel', null, null, null, null, null, null, null, null, null, null, null), 
 (3656671, 'Florian', 'Merkel', null, null, null, null, null, null, null, null, null, null, null), 
 (3659629, 'Martin', 'Merkel', 'm', null, null, null, null, null, null, null, null, null, null), 
 (3688516, 'Daniela', 'Merkel', null, null, null, null, null, null, null, null, null, null, null), 
 (3689024, 'Henrike', 'Merkel', null, null, null, null, null, null, null, null, null, null, null), 
 (3691881, 'Timotheus', 'Merkel', 'm', null, null, null, null, null, null, null, null, null, null), 
 (3701193, 'Matilda', 'Merkel', null, null, null, null, null, null, null, null, null, null, null), 
 (3706682, 'David Christoph', 'Merkel', 'm', null, null, null, null, null, null, null, null, null, null), 
 (3712806, 'Johannes Matthias', 'Merkel', 'm', null, null, null, null, null, null, null, null, null, null), 
 (3721589, 'Carla Jennifer', 'Merkel', 'f', null, null, null, null, null, null, null, null, null, null), 
 (3738343, 'Emmy', 'Merkel', 'f', null, null, null, null, null, null, null, null, null, null), 
 (3750701, 'Rainer', 'Merkel', 'm', null, null, null, null, null, null, null, null, null, null), 
 (3768579, 'Ulrike Hannah', 'Merkel', 'f', null, null, null, null, null, null, null, null, null, null), 
 (3819197, 'Garlieb', 'Merkel', 'm', null, null, null, null, null, null, null, null, null, null), 
 (3831262, 'Dr. Angela', 'Merkel', 'f', null, 'http://www.bundestag.de/bundestag/abgeordnete18/biografien/M/merkel_angela/258788', null, null, null, null, null, null, null, null), 
 (3831874, 'Angela', 'Merkel', null, null, null, null, null, null, 'http://dbpedia.org/resource/Angela_Merkel', null, null, null, null), 
 (2532616, 'Joachim', 'Sauer', 'm', null, null, null, null, null, null, null, null, null, null), 
 (2090619, 'Louise', 'Merkel-Romée', null, null, null, null, null, null, null, null, null, null, null), 
 (3619121, 'Horst', 'Kasner', 'm', null, null, null, null, null, null, null, null, null, null);
Insert into integrated.country(id, wikidata_id, name) values 
 (3, null, 'Deutschland');
Insert into integrated.person_occupation(person_id, occupation_id) values 
 (9116, 48), 
 (11998, 45), 
 (13027, 326), 
 (14564, 72), 
 (29397, 48), 
 (62430, 1665), 
 (77826, 545), 
 (100040, 13), 
 (110528, 2654), 
 (117939, 211), 
 (117940, 17), 
 (119831, 91), 
 (125758, 545), 
 (125770, 545), 
 (130315, 83), 
 (145934, 747), 
 (167327, 48), 
 (180412, 233), 
 (196028, 21), 
 (211705, 270), 
 (218413, 47), 
 (255286, 501), 
 (270608, 73), 
 (272987, 23), 
 (277035, 350), 
 (311354, 961), 
 (336414, 437), 
 (344709, 113), 
 (350452, 1549), 
 (351666, 17), 
 (352726, 187), 
 (353618, 113), 
 (356543, 45), 
 (413965, 530), 
 (422112, 1738), 
 (423784, 48), 
 (436016, 218), 
 (455900, 47), 
 (484553, 2), 
 (491497, 13), 
 (518489, 184), 
 (818061, 2247), 
 (890544, 47), 
 (964488, 83), 
 (981422, 9668), 
 (1071138, 3218), 
 (1071139, 3218), 
 (1090552, 869), 
 (1090556, 215), 
 (1110492, 215);
Insert into integrated.person_occupation(person_id, occupation_id) values 
 (1110795, 30), 
 (1110884, 13343), 
 (1110885, 3209), 
 (1110886, 2866), 
 (1145992, 682), 
 (1148583, 197), 
 (1195926, 54), 
 (1447465, 682), 
 (1449610, 75), 
 (1479845, 22), 
 (1524722, 23), 
 (1534587, 23), 
 (1534642, 23), 
 (1548513, 23), 
 (1548737, 4116), 
 (1617286, 251), 
 (1623366, 17), 
 (1625062, 17), 
 (1627321, 17), 
 (1652674, 662), 
 (1654007, 13), 
 (1661308, 48), 
 (1677849, 259), 
 (1703439, 174), 
 (1824287, 674), 
 (1824293, 58), 
 (1824299, 985), 
 (1824302, 48), 
 (1824313, 34), 
 (1824315, 616), 
 (1824319, 48), 
 (1824328, 48), 
 (1824332, 17), 
 (1824336, 215), 
 (1824344, 58), 
 (1824350, 48), 
 (1824352, 13343), 
 (1824361, 1567), 
 (1824364, 215), 
 (1824375, 144), 
 (1825217, 146), 
 (1825218, 10), 
 (1825487, 48), 
 (1881860, 17), 
 (1897332, 17), 
 (1919343, 17), 
 (1919344, 32), 
 (1919345, 58), 
 (1919346, 1152), 
 (1947894, 48);
Insert into integrated.person_occupation(person_id, occupation_id) values 
 (1967268, 34), 
 (1975858, 67), 
 (1977620, 493), 
 (2013664, 79), 
 (2015236, 507), 
 (2043136, 2), 
 (2052766, 32), 
 (2070647, 65), 
 (2073443, 48), 
 (2075938, 28), 
 (2094359, 429), 
 (2133805, 79), 
 (2150120, 516), 
 (2181621, 64), 
 (2184583, 113), 
 (2206390, 288), 
 (2221057, 10), 
 (2230824, 58), 
 (2235784, 58), 
 (2240438, 113), 
 (2272803, 329), 
 (2300902, 43), 
 (2312007, 17), 
 (2318913, 30), 
 (2369184, 113), 
 (2439350, 17), 
 (2459021, 179), 
 (2499290, 73), 
 (2504263, 367), 
 (2504268, 34), 
 (2532616, 83), 
 (2632265, 17), 
 (2641891, 582), 
 (2679928, 679), 
 (2689445, 121), 
 (2703927, 146), 
 (2716988, 34), 
 (2716996, 293), 
 (2721814, 47), 
 (2731097, 35), 
 (2733747, 3), 
 (2760196, 10), 
 (2787174, 237), 
 (2789498, 17), 
 (2835813, 3), 
 (2850204, 3), 
 (2850541, 3), 
 (2852120, 67), 
 (2866369, 67), 
 (2896948, 326);
Insert into integrated.person_occupation(person_id, occupation_id) values 
 (2898376, 318), 
 (2899186, 259), 
 (2948360, 17), 
 (2962734, 9973), 
 (2977999, 48), 
 (2982445, 86), 
 (2987815, 48), 
 (2987817, 215), 
 (2987818, 215), 
 (2987819, 91), 
 (2987821, 48), 
 (2987824, 45), 
 (2987826, 293), 
 (2987831, 745), 
 (2987835, 696), 
 (2987837, 215), 
 (2987841, 293), 
 (2987843, 775), 
 (2987845, 215), 
 (2987848, 306), 
 (3010624, 2), 
 (3034137, 259), 
 (3045012, 259), 
 (3045991, 47), 
 (3066940, 108), 
 (3067753, 184), 
 (3073486, 43), 
 (3091411, 51), 
 (3093407, 215), 
 (3094366, 187), 
 (3098465, 1195), 
 (3098994, 278), 
 (3126759, 113), 
 (3126970, 179), 
 (3127007, 558), 
 (3162055, 27), 
 (3167326, 26), 
 (3181550, 47), 
 (3183621, 396), 
 (3201294, 398), 
 (3207726, 17), 
 (3231468, 17), 
 (3231960, 187), 
 (3267792, 17), 
 (3270244, 765), 
 (3274152, 48), 
 (3287767, 133), 
 (3302416, 197), 
 (3303085, 17), 
 (3304074, 293);
Insert into integrated.person_occupation(person_id, occupation_id) values 
 (3304591, 5), 
 (3305377, 2548), 
 (3307333, 179), 
 (3310948, 48), 
 (3313493, 83), 
 (3327653, 41), 
 (3346985, 2272), 
 (3349726, 133), 
 (3355898, 45), 
 (3449289, 65), 
 (3541107, 2003), 
 (3541108, 93), 
 (3548926, 797), 
 (3560130, 455), 
 (3561433, 281), 
 (3561665, 51), 
 (3569867, 17), 
 (3583496, 196), 
 (3595170, 48), 
 (3610441, 67), 
 (3615942, 23), 
 (3619121, 91), 
 (3621121, 34), 
 (3621124, 34), 
 (3629628, 3), 
 (3656671, 139), 
 (3659629, 67), 
 (3688516, 1064), 
 (3689024, 144), 
 (3691881, 334), 
 (3701193, 15), 
 (3706682, 48), 
 (3712806, 139), 
 (3721589, 113), 
 (3738343, 117), 
 (3750701, 196), 
 (3768579, 187);
Insert into integrated.politician(person_id, aw_uuid, aw_username, aw_picture_url) values 
 (3831874, null, null, null), 
 (3831262, null, null, null);
Insert into integrated."work"(id, person_id, name) values 
 (118657, 1919345, 'Briefe über Hamburg und Lübeck'), 
 (126306, 1919345, 'Die Letten, vorzüglich in Liefland, am Ende des philosophischen Jahrhunderts'), 
 (182109, 2318913, 'Eine ganz gewöhnliche Ehe');
Insert into integrated.almamater(person_id, university) values 
 (3831874, 'http://dbpedia.org/resource/Leipzig_University'), 
 (3831874, 'http://dbpedia.org/resource/Leipzig_University');
Insert into integrated.place(id, name, latitude, longitude, country_id) values 
 (171218, 'San Miguel de Allende', 'N020.916669', 'W100.750000', null), 
 (13273, 'Freiburg im Breisgau', 'N047.995833', 'E007.852222', null), 
 (14946, 'Leipzig', 'N051.339444', 'E012.371111', null), 
 (12789, 'Dresden', 'N051.050890', 'E013.738319', null), 
 (16116, 'Nürnberg', 'N049.454166', 'E011.775000', null), 
 (12614, 'Darmstadt', 'N049.870559', 'E008.649440', null), 
 (15107, 'Los Angeles, Calif.', 'N034.052222', 'W118.243611', null), 
 (11746, 'Aschaffenburg', 'N049.977040', 'E009.152139', null), 
 (12006, 'Berlin', 'N052.500000', 'E013.416669', null), 
 (11676, 'Ansbach', 'N049.304722', 'E010.593055', null), 
 (15144, 'Lüneburg', 'N053.250833', 'E010.413888', null), 
 (18767, 'Wien', 'N048.208199', 'E016.371690', null), 
 (15498, 'Metz', 'N049.119109', 'E006.172690', null), 
 (18009, 'Templin', 'N053.118650', 'E013.502200', null);
Insert into integrated.related_to(person1_id, person2_id, type) values 
 (1919343, 1627321, 'Vater'), 
 (2987843, 1688312, 'Vater'), 
 (1824328, 1824319, 'Sohn'), 
 (2987843, 1824319, 'Sohn'), 
 (1824319, 1824328, 'Vater'), 
 (2987843, 1824328, 'Bruder'), 
 (2221057, 1824350, 'Vater'), 
 (2090619, 1824350, 'Mutter'), 
 (1627321, 1919343, 'Sohn'), 
 (3619121, 2015236, 'Vater'), 
 (2532616, 2015236, 'Ehemann'), 
 (2221057, 2090619, 'Ehemann'), 
 (1824350, 2090619, 'Sohn'), 
 (2090619, 2221057, 'Ehefrau'), 
 (1824350, 2221057, 'Sohn'), 
 (2015236, 2532616, 'Ehefrau'), 
 (1824319, 2987843, 'Vater'), 
 (1824328, 2987843, 'Bruder'), 
 (1688312, 2987843, 'Sohn'), 
 (2015236, 3619121, 'Tochter');
Insert into integrated.author(person_id, fans_count, followers_count, average_rating, ratings_count, goodreads_author) values 
 (3819197, 0, 0, 0.0, 0, false);
Insert into integrated.person_party(party_id, person_id) values 
 (65, 3831262), 
 (137, 3831874), 
 (137, 3831874);
Insert into integrated.death(person_id, place_id, "year", "month", "day") values 
 (818061, 16116, 1787, 12, 7), 
 (1110886, 15144, 1859, 11, 10), 
 (1617286, 12789, 1885, 7, 8), 
 (1627321, 13273, 1944, 1, 21), 
 (1688312, 11676, 1998, 12, 1), 
 (1824319, 16116, 1921, 10, 13), 
 (1975858, 12789, 1885, 10, 30), 
 (1977620, 12006, 1989, 8, 21), 
 (2221057, 18767, 1976, 11, 24), 
 (2318913, 171218, 2006, 1, 15), 
 (2987843, 16116, 1960, 3, 21), 
 (3231468, 12614, 1866, 6, 2), 
 (3304591, 12789, 1989, 3, 26), 
 (3305377, 16116, 1985, 10, 15), 
 (3610441, 14946, 1934, 5, 13), 
 (3615942, 15107, 1986, 1, 2), 
 (3619121, 18009, 2011, 9, 2), 
 (3621121, 16116, 1943, 12, 5), 
 (3621124, 11746, 1832, 5, 17), 
 (3691881, 13273, 1890, 2, 23);
Insert into integrated.state(id, name, capital_id, area, population, country_id) values 
 (46, 'Mecklenburg-Vorpommern', null, null, null, 3);
Insert into integrated.birth(person_id, place_id, "year", "month", "day", first_name, last_name) values 
 (3738343, 15498, 1889, 7, 13, 'Emmy', 'Samuel');
Insert into integrated.book(id, author, title, average_rating, description, edition_information, format, isbd, isbn13, num_pages, publication_date, published, publisher, ratings_count, text_reviews_count) values 
 (5993046, 3819197, 'Vestules Kadai Sievietei', 0.0, null, null, null, '5405003484', '9785405003481', null, null, null, null, 0, 0), 
 (12539233, 3819197, 'Latvieši', 2.9, null, 'Vajadz?ga gr?mata', 'Hardcover', '9984175707', '9789984175706', 216, null, 1999, 'Zvaigzne ABC', 50, 2), 
 (12827527, 3819197, 'Briefe', 0.0, null, null, null, null, '2940034034573', null, null, null, null, 0, 0), 
 (18943337, 3819197, 'Vidzemes senatne', 3.0, 'Gar?dzniec?bas un bru?inieku gara piemineklis no Garl?ba Mer?e?a. Jau sešdesmit gadus agr?k tas viss bij ies?cies Vidzem?. Še dz?voja latvieši divpadsmit? gadu simten?, k? jauni atn?c?ji, v?l izklaidu. Vi?i bij gan jau apstr?d?juši liel?ko tiesu iekš?j?s zemes, bet bez lielciemiem, tikai pa vienam dz?voklim, un maks?ja nodok?us krievu k?aziem, kuri vecos iedz?vot?jus, igau?us un l?vus, bij padar?juši par saviem maks?t?jiem. Š? tad bij latviešu valsts v?j?k? da?a, un š? tad ar? k?uva visagr?k p?r?emta no v?cu laup?t?jiem. Gar?dzniec?g? vilt?ba ievilk?s vispirms, un kad vi?a bij iekli??jusies dz?ves viet?, tad t? aicin?ja l?dzi savus pal?gus, slepkav?bas un laup?šanas k?r?bu, lai viesm?l?gos saimniekus padar?tu par vergiem vi?u pašu m?j?.', null, 'Paperback', null, '9789934834585', 127, null, 2013, 'ARTO-1', 1, 0), 
 (20282247, 3819197, 'Die Freien Letten Und Esthen', 0.0, 'Dieses historische Buch kann zahlreiche Tippfehler und fehlende Textpassagen aufweisen. Kaufer konnen in der Regel eine kostenlose eingescannte Kopie des originalen Buches vom Verleger herunterladen (ohne Tippfehler). Ohne Indizes. Nicht dargestellt. 1820 edition. Auszug: ...uberlassen, die Prinkjis pien zur sestern Bestimmung des Gehe r ch s u n d der Abgabe der Bauern, uf das genauest j bestimmen. So bald djeses i gewShnKch/ sich mit ver Menschen Uebe mpiimentirt, si seiner Ergebenheit versichert und altes beim Aten gelassm!" Man ert wage, dass dieser BeschbnZ dte Zeit des Eonven gar nicht ansetzt; dass dieser Eonvent nur die Priueipien, Und zwar nur uber Gehorch und Abgaben, und Seich salls etwts i ml thunlich," uber dje BestrasungFart der Bauern bestimmen sollte: --nichts dagegen uber die staatsburgerlich, Hage und and Rechte desselben;--dass diese Prinzipien aus Kreiskonventen, deren Zeit wieder nicht anberaumt ist, von allen Gutsbesitzern einzeln geprust werden, sollten, was wieder ohne ''sehr weitlaustige Debatten nicht geschehen konnte; dass endlich die Resultate von alle dem zum Adelsconvente zuvuckgehen, und dies'' sie wieder prusen sollte.--. Und wie, wenn diese Resultate in einer Protestation der Mehrheit gegen die ausgestellten Principien des Com vents bestanden?, . Wer diesem Ganze der Hh mit der Mamas solgt, wixH. sich schwerlich enthalten konnen, zu glauben, dass sie zehn Jahr sortschleichen konnte, ehe es zu der Erklarung gedieh, dass sie von vorne Hn. gesangen werden musse; und wahrend diese r Zeit musste jeder neue Landtag Rucksicht dar? ckns neHmen, dass der Ersolg der Arbeiten des Eonvents billig abzuwarten sep. '', i Literatur. Ermunterung zum Gemeingeist. Eine Predigt bei der Eroffnung des KivlZndischen Land ta', null, 'Paperback', '1230449647', '9781230449647', 52, '2013-09-12', 2013, 'Theclassics.Us', 0, 0), 
 (20480286, 3819197, 'Ueber Deutschland Zur Schiller-Goethe-Zeit (1797 Bis 1806)', 0.0, 'Ueber Deutschland zur Schiller-Goethe-Zeit (1797 bis 1806). This book, "Ueber Deutschland zur Schiller-Goethe-Zeit (1797 bis 1806)," by Garlieb Merkel, is a replication of a book originally published before 1887. It has been restored by human beings, page by page, so that you may enjoy it in a form as close to the original as possible.', null, 'Paperback', '5518956010', '9785518956018', 214, '2014-01-01', 2014, 'Book on Demand Ltd.', 0, 0);
Insert into integrated.candidacy(candidate, parliament, constituency, party_id, state_id, result, num, mandate, ended) values 
 (3831262, 'f8922b9c3f0244e2a72954055b74c860', null, 65, 46, null, null, 'direkt', null);
