-- generated by Jailer 4.3.5, Sun Jan 10 01:54:50 CET 2016 from jreschke@CE08657
-- 
-- Extraction Model:  integrated.person where last_name = 'Kohl' (C:\Users\jreschke\Documents\HPI\Informationsintegration\jailer-for-integrated\person-subset.csv)
-- Database URL:      jdbc:postgresql://localhost:5432/infoint
-- Database User:     infoint
-- 
-- Exported Rows:     1192
--     occupation                     165
--     related_to                     84
--     person                         466
--     person_country                 4
--     country                        4
--     person_occupation              284
--     politician                     2
--     death                          57
--     almamater                      1
--     birth                          102
--     party                          2
--     parliament                     1
--     university                     1
--     candidacy                      1
--     constituency                   1
--     person_party                   2
--     place                          13
--     work                           2
-- 
Insert into integrated.constituency(uuid, name, area_codes) values 
 ('{3E06F282-5DB0-453F-AADE-255191951978}', 'Leipzig 7', '{4158,4315,4317,4347,4349,4356,4357}');
Insert into integrated.parliament(uuid, name, start_date, end_date, election_date) values 
 ('{E19542ED-9859-4C33-86B8-8D0FEE3B6134}', 'Sachsen', '2014-08-05', '2017-11-11', '2014-08-31');
Insert into integrated.occupation(id, label) values 
 (2025, 'Jurist'), 
 (2390, 'Politologe'), 
 (2797, 'Dozentin'), 
 (2502, 'Studienrat'), 
 (2479, 'Philologin'), 
 (2027, 'Pfarrer'), 
 (2550, 'Kunsthistorikerin'), 
 (2149, 'Sa?nger'), 
 (2031, 'Lehrer'), 
 (3488, 'Volkswirtin'), 
 (23566, 'Medizinischer Informatiker'), 
 (2180, 'Offizier'), 
 (2067, 'Buchha?ndler'), 
 (2181, 'Bergmann'), 
 (3396, 'Grafikerin'), 
 (2555, 'Biochemiker'), 
 (2086, 'Architekt'), 
 (2046, 'Historiker'), 
 (2369, 'Ku?nstlerin'), 
 (10696, 'Sprachtrainerin'), 
 (3140, 'Bassist'), 
 (9568, 'Pferdewirtin'), 
 (3070, 'Anthropologin'), 
 (2438, 'Schreiber'), 
 (2198, 'Geologe'), 
 (2805, 'Schlosser'), 
 (2646, 'Techniker'), 
 (2420, 'Patriziat'), 
 (2599, 'Japanologe'), 
 (2470, 'Realschullehrer'), 
 (2788, 'Kinderarzt'), 
 (2035, 'Apotheker'), 
 (2436, 'Chorleiter'), 
 (2043, 'Pa?dagoge'), 
 (2552, 'Pa?dagogin'), 
 (2493, 'Fotograf'), 
 (22031, 'Blindenfu?hrhund-Ausbilderin'), 
 (2142, 'Schauspieler'), 
 (2638, 'Regisseur'), 
 (2484, 'Psychologe'), 
 (2445, 'Bildhauer'), 
 (4218, 'Assistenzarzt'), 
 (2059, 'Schriftstellerin'), 
 (2296, 'Musikinstrumentenbauer'), 
 (2022, 'Katholischer Theologe'), 
 (2281, 'Radierer'), 
 (2116, 'Wirtschaftswissenschaftler'), 
 (2033, 'Ethnologe'), 
 (2806, 'O?kotrophologin'), 
 (2085, 'Ku?nstler');
Insert into integrated.occupation(id, label) values 
 (2084, 'Orientalist'), 
 (14464, 'Dipl.-Biologin'), 
 (2868, 'Fotografin'), 
 (9960, 'Dipl.-Ing.'), 
 (3342, 'Kameramann'), 
 (2907, 'Germanistin'), 
 (3257, 'Erziehungswissenschaftlerin'), 
 (4820, 'Ehefrau'), 
 (5669, 'Leiter'), 
 (2068, 'Diplomat'), 
 (17265, 'Toningenieurin'), 
 (2311, 'Autorin'), 
 (2541, 'Anthropologe'), 
 (2547, 'Sozialwissenschaftler'), 
 (2041, 'Klassischer Philologe'), 
 (3689, 'Neurologin'), 
 (2637, 'Juristin'), 
 (3263, 'Wirtschaftsjurist'), 
 (2109, 'Physiker'), 
 (2057, 'Musiker'), 
 (15498, 'Produktionsleiter'), 
 (2053, 'Journalist'), 
 (2240, 'Ratsherr'), 
 (2123, 'Unternehmer'), 
 (3374, 'Mathematikerin'), 
 (2040, 'Soldat'), 
 (3130, 'Konditor'), 
 (5389, 'Fleischermeister'), 
 (2356, 'Soziologe'), 
 (2941, 'Illustratorin'), 
 (3814, 'Wirtschaftslehrer'), 
 (2167, 'Rechtsanwalt'), 
 (3971, 'Anarchist'), 
 (2332, 'Kunstsammler'), 
 (2030, 'Philologe'), 
 (3206, 'Wirtschaftsinformatiker'), 
 (16273, 'Dipl.-Ingenieur (FH)'), 
 (3781, 'Erna?hrungsberater'), 
 (27702, 'Pallottiner'), 
 (3382, 'Kommunikationswissenschaftler'), 
 (20240, 'Linguistic engineer'), 
 (2074, 'Buchdrucker'), 
 (2037, 'Geograf'), 
 (2572, 'Unternehmensberater'), 
 (16445, 'Photohistoriker'), 
 (3414, 'Sportlehrer'), 
 (2143, 'Entomologe'), 
 (7220, 'Mitwirkung'), 
 (2242, 'Bauingenieur'), 
 (2079, 'Botaniker');
Insert into integrated.occupation(id, label) values 
 (2964, 'Sportwissenschaftler'), 
 (2467, 'Psychologin'), 
 (2191, 'Maler'), 
 (2230, 'Autor'), 
 (2583, 'Biologin'), 
 (2026, 'Schriftsteller'), 
 (2275, 'Informatiker'), 
 (7463, 'Karikaturistin'), 
 (2062, 'Archivar'), 
 (2102, 'Astronom'), 
 (2294, 'Agrarwissenschaftler'), 
 (1476, 'Ideenbegleiter'), 
 (2704, 'Musikerin'), 
 (2874, 'Journalistin'), 
 (3269, 'Diplomkaufmann'), 
 (4360, 'Kosmetikerin'), 
 (2177, 'Koch'), 
 (13077, 'Saxophonistin'), 
 (3666, 'Kuratorin'), 
 (2078, 'Biologe'), 
 (9042, 'Epidemiologe'), 
 (3294, 'Designer'), 
 (2168, 'Kupferstecher'), 
 (2099, 'Zahnarzt'), 
 (2195, 'Drucker'), 
 (5190, 'Kostu?mbildnerin'), 
 (3507, 'Industriekaufmann'), 
 (2138, 'U?bersetzer'), 
 (2924, 'Informatikerin'), 
 (2117, 'Kaufmann'), 
 (2023, 'Arzt'), 
 (2784, 'Internist'), 
 (4956, 'Oberbaurat'), 
 (3839, 'Erzieherin'), 
 (2289, 'Bankier'), 
 (2118, 'Komponist'), 
 (2096, 'Archa?ologe'), 
 (2024, 'Theologe'), 
 (8110, 'Chemotechniker'), 
 (4071, 'Assistenza?rztin'), 
 (3482, 'Prof., Dr.'), 
 (2083, 'Augenarzt'), 
 (4383, 'Diplompa?dagogin'), 
 (4181, 'Bioinformatiker'), 
 (4909, 'Toningenieur'), 
 (2880, 'Dolmetscherin'), 
 (2811, 'Schauspielerin'), 
 (2857, 'Kinderbuchautorin'), 
 (9693, 'Chemieingenieurin'), 
 (3373, 'Medizinerin');
Insert into integrated.occupation(id, label) values 
 (2015, 'politician'), 
 (2814, 'Deutschlehrerin'), 
 (2520, 'Student'), 
 (2093, 'Politiker'), 
 (3809, 'Ingenieurin'), 
 (2297, 'Bu?rgermeister'), 
 (2104, 'Zoologe'), 
 (1886, 'diplomat'), 
 (2103, 'Volkswirt'), 
 (2081, 'Verleger'), 
 (2039, 'Ingenieur'), 
 (2280, 'A?rztin'), 
 (3038, 'Bu?rger'), 
 (2055, 'Philosoph'), 
 (22669, 'Handlungsreisender');
Insert into integrated.university(uri, name) values 
 ('http://dbpedia.org/resource/Heidelberg_University', 'Heidelberg University');
Insert into integrated.party(id, uri, name) values 
 (64, null, 'Freie Bürger'), 
 (137, 'http://dbpedia.org/resource/Christian_Democratic_Union_of_Germany', 'Christlich Demokratische Union Deutschlands');
Insert into integrated.person(id, first_name, last_name, gender, email, url, twitter, degree, education, dbpedia_uri, wikidata_id, nyt_id, associated_articles_count, nyt_definition) values 
 (27583, 'Ralf Detlef', 'Kohl', 'm', null, null, null, null, 'k.A.', null, null, null, null, null), 
 (124108, 'Helmut', 'Kohl', null, null, null, null, null, null, 'http://dbpedia.org/resource/Helmut_Kohl', null, null, null, null), 
 (127231, 'Michael', 'Kohl', 'm', null, null, null, null, null, null, 'http://www.wikidata.org/entity/Q90962', null, null, null), 
 (128752, 'Lorenz', 'Kohl', null, null, null, null, null, null, null, null, null, null, null), 
 (141389, 'Heinrich', 'Kohl', 'm', null, null, null, null, null, null, null, null, null, null), 
 (152501, 'Max', 'Kohl', 'm', null, null, null, null, null, null, null, null, null, null), 
 (190077, 'Erwin', 'Kohl', null, null, null, null, null, null, null, null, null, null, null), 
 (194668, 'Herbert R.', 'Kohl', 'm', null, null, null, null, null, null, null, null, null, null), 
 (215288, 'Hermann Joseph', 'Kohl', null, null, null, null, null, null, null, null, null, null, null), 
 (231529, 'Helmut', 'Kohl', 'm', null, null, null, null, null, null, null, null, null, null), 
 (234028, 'Karl-Heinz', 'Kohl', null, null, null, null, null, null, null, null, null, null, null), 
 (237680, 'Marcel', 'Kohl', null, null, null, null, null, null, null, null, null, null, null), 
 (237805, 'Jean-Philippe', 'Kohl', null, null, null, null, null, null, null, null, null, null, null), 
 (254170, 'Christiane', 'Kohl', 'f', null, null, null, null, null, null, null, null, null, null), 
 (255352, 'Thomas', 'Kohl', null, null, null, null, null, null, null, null, null, null, null), 
 (260936, 'Walter', 'Kohl', null, null, null, null, null, null, null, null, null, null, null), 
 (261302, 'Heinrich', 'Kohl', null, null, null, null, null, null, null, null, null, null, null), 
 (270249, 'Ida', 'Kohl', 'f', null, null, null, null, null, null, null, null, null, null), 
 (288986, 'Adolf', 'Kohl', 'm', null, null, null, null, null, null, null, null, null, null), 
 (288987, 'Albert', 'Kohl', 'm', null, null, null, null, null, null, null, null, null, null), 
 (288989, 'Anton', 'Kohl', 'm', null, null, null, null, null, null, null, null, null, null), 
 (288990, 'Armin', 'Kohl', 'm', null, null, null, null, null, null, null, null, null, null), 
 (288991, 'Christine ?von?', 'Kohl', 'f', null, null, null, null, null, null, null, null, null, null), 
 (288993, 'Clemens', 'Kohl', 'm', null, null, null, null, null, null, null, null, null, null), 
 (288994, 'Ernst H...', 'Kohl', 'm', null, null, null, null, null, null, null, null, null, null), 
 (288995, 'Friedrich Georg', 'Kohl', 'm', null, null, null, null, null, null, null, null, null, null), 
 (288996, 'Heinz', 'Kohl', 'm', null, null, null, null, null, null, null, null, null, null), 
 (288998, 'Hermann', 'Kohl', 'm', null, null, null, null, null, null, null, null, null, null), 
 (289004, 'Johann Peter', 'Kohl', 'm', null, null, null, null, null, null, null, null, null, null), 
 (289006, 'Karl', 'Kohl', 'm', null, null, null, null, null, null, null, null, null, null), 
 (289008, 'Katharina', 'Kohl', 'f', null, null, null, null, null, null, null, null, null, null), 
 (289010, 'Martha', 'Kohl', 'f', null, null, null, null, null, null, null, null, null, null), 
 (289012, 'Otto', 'Kohl', 'm', null, null, null, null, null, null, null, null, null, null), 
 (289014, 'Bernhard Otto', 'Kohl', 'm', null, null, null, null, null, null, null, null, null, null), 
 (289015, 'Robert', 'Kohl', 'm', null, null, null, null, null, null, null, null, null, null), 
 (289016, 'Willi', 'Kohl', 'm', null, null, null, null, null, null, null, null, null, null), 
 (293371, 'Jonas', 'Kohl', 'm', null, null, null, null, null, null, null, null, null, null), 
 (293381, 'Karl', 'Kohl', 'm', null, null, null, null, null, null, null, null, null, null), 
 (393360, 'Andreas ?von?', 'Kohl', 'm', null, null, null, null, null, null, null, null, null, null), 
 (393361, 'Emil', 'Kohl', 'm', null, null, null, null, null, null, null, null, null, null), 
 (393362, 'Heinrich', 'Kohl', 'm', null, null, null, null, null, null, null, null, null, null), 
 (410754, 'Willy', 'Kohl', 'm', null, null, null, null, null, null, null, null, null, null), 
 (424483, 'Albert', 'Kohl', null, null, null, null, null, null, null, null, null, null, null), 
 (424935, 'Christian', 'Kohl', null, null, null, null, null, null, null, null, null, null, null), 
 (432321, 'Helmut', 'Kohl', 'm', null, null, null, null, null, null, null, null, null, null), 
 (447139, 'Gottfried', 'Kohl', null, null, null, null, null, null, null, null, null, null, null), 
 (447140, 'Hans', 'Kohl', null, null, null, null, null, null, null, null, null, null, null), 
 (447141, 'Kurt', 'Kohl', null, null, null, null, null, null, null, null, null, null, null), 
 (474714, 'Horst', 'Kohl', 'm', null, null, null, null, null, null, null, null, null, null), 
 (481551, 'Engelbert', 'Kohl', null, null, null, null, null, null, null, null, null, null, null);
Insert into integrated.person(id, first_name, last_name, gender, email, url, twitter, degree, education, dbpedia_uri, wikidata_id, nyt_id, associated_articles_count, nyt_definition) values 
 (487295, 'Johann Georg', 'Kohl', 'm', null, null, null, null, null, null, null, null, null, null), 
 (496868, 'Christian', 'Kohl', null, null, null, null, null, null, null, null, null, null, null), 
 (526342, 'Thomas', 'Kohl', null, null, null, null, null, null, null, null, null, null, null), 
 (547720, 'Susanna', 'Kohl', null, null, null, null, null, null, null, null, null, null, null), 
 (550034, 'Christoph', 'Kohl', null, null, null, null, null, null, null, null, null, null, null), 
 (551016, 'Christoph Friedrich ?von?', 'Kohl', null, null, null, null, null, null, null, null, null, null, null), 
 (557856, 'Ingrid', 'Kohl', null, null, null, null, null, null, null, null, null, null, null), 
 (569053, 'Margit', 'Kohl', 'f', null, null, null, null, null, null, null, null, null, null), 
 (576141, 'Wilhelm', 'Kohl', 'm', null, null, null, null, null, null, null, null, null, null), 
 (584623, 'Wilhelm', 'Kohl', 'm', null, null, null, null, null, null, null, null, null, null), 
 (585982, 'Anke', 'Kohl', null, null, null, null, null, null, null, null, null, null, null), 
 (611001, 'Cornelia', 'Kohl', null, null, null, null, null, null, null, null, null, null, null), 
 (612545, 'Alexander', 'Kohl', null, null, null, null, null, null, null, null, null, null, null), 
 (615154, 'Carl ?von?', 'Kohl', null, null, null, null, null, null, null, null, null, null, null), 
 (625622, 'Ferenc', 'Kohl', null, null, null, null, null, null, null, null, null, null, null), 
 (629393, 'Melchior', 'Kohl', null, null, null, null, null, null, null, null, null, null, null), 
 (631223, 'Franz Dietrich', 'Kohl', null, null, null, null, null, null, null, null, null, null, null), 
 (639541, 'Peter', 'Kohl', null, null, null, null, null, null, null, null, null, null, null), 
 (645805, 'Richard', 'Kohl', null, null, null, null, null, null, null, null, null, null, null), 
 (648711, 'Eva', 'Kohl', null, null, null, null, null, null, null, null, null, null, null), 
 (650581, 'Katrin', 'Kohl', null, null, null, null, null, null, null, null, null, null, null), 
 (651054, 'Sylvia', 'Kohl', null, null, null, null, null, null, null, null, null, null, null), 
 (657638, 'Beate Kristine', 'Kohl', null, null, null, null, null, null, null, null, null, null, null), 
 (669906, 'Friedrich', 'Kohl', null, null, null, null, null, null, null, null, null, null, null), 
 (669953, 'Ines', 'Kohl', 'f', null, null, null, null, null, null, null, null, null, null), 
 (676406, 'Franz Ernst', 'Kohl', 'm', null, null, null, null, null, null, null, null, null, null), 
 (678416, 'Eva Maria', 'Kohl', 'f', null, null, null, null, null, null, null, null, null, null), 
 (679091, 'Paul', 'Kohl', null, null, null, null, null, null, null, null, null, null, null), 
 (679317, 'Norbert', 'Kohl', null, null, null, null, null, null, null, null, null, null, null), 
 (680787, 'Heinrich', 'Kohl', null, null, null, null, null, null, null, null, null, null, null), 
 (681014, 'Steffi', 'Kohl', null, null, null, null, null, null, null, null, null, null, null), 
 (688244, 'Kristina', 'Kohl', null, null, null, null, null, null, null, null, null, null, null), 
 (698139, 'Stephan', 'Kohl', 'm', null, null, null, null, null, null, null, null, null, null), 
 (700369, 'Susanne', 'Kohl', null, null, null, null, null, null, null, null, null, null, null), 
 (705282, 'Karl', 'Kohl', null, null, null, null, null, null, null, null, null, null, null), 
 (712552, 'Anna Sibylla Hedwig', 'Kohl', null, null, null, null, null, null, null, null, null, null, null), 
 (723637, 'Paul', 'Kohl', null, null, null, null, null, null, null, null, null, null, null), 
 (726049, 'Torsten', 'Kohl', null, null, null, null, null, null, null, null, null, null, null), 
 (730643, 'Andreas', 'Kohl', null, null, null, null, null, null, null, null, null, null, null), 
 (744204, 'Claudia', 'Kohl', null, null, null, null, null, null, null, null, null, null, null), 
 (758428, 'Florian Johannes', 'Kohl', null, null, null, null, null, null, null, null, null, null, null), 
 (758513, 'Michael', 'Kohl', null, null, null, null, null, null, null, null, null, null, null), 
 (769906, 'Ines', 'Kohl', null, null, null, null, null, null, null, null, null, null, null), 
 (770732, 'Beatus', 'Kohl', null, null, null, null, null, null, null, null, null, null, null), 
 (777016, 'Hannelore', 'Kohl', null, null, null, null, null, null, null, null, null, null, null), 
 (782867, 'Peter', 'Kohl', null, null, null, null, null, null, null, null, null, null, null), 
 (801182, 'Ru?diger', 'Kohl', null, null, null, null, null, null, null, null, null, null, null), 
 (802163, 'Andreas', 'Kohl', 'm', null, null, null, null, null, null, null, null, null, null), 
 (804205, 'Thorsten', 'Kohl', null, null, null, null, null, null, null, null, null, null, null), 
 (804895, 'Joachim', 'Kohl', null, null, null, null, null, null, null, null, null, null, null);
Insert into integrated.person(id, first_name, last_name, gender, email, url, twitter, degree, education, dbpedia_uri, wikidata_id, nyt_id, associated_articles_count, nyt_definition) values 
 (829421, 'Andre?', 'Kohl', null, null, null, null, null, null, null, null, null, null, null), 
 (830706, 'Oskar', 'Kohl', null, null, null, null, null, null, null, null, null, null, null), 
 (844086, 'Katharina', 'Kohl', null, null, null, null, null, null, null, null, null, null, null), 
 (864560, 'Jens', 'Kohl', null, null, null, null, null, null, null, null, null, null, null), 
 (880452, 'Erich', 'Kohl', 'm', null, null, null, null, null, null, null, null, null, null), 
 (880454, 'Gerhard Franz', 'Kohl', null, null, null, null, null, null, null, null, null, null, null), 
 (880455, 'Josef Friedrich', 'Kohl', null, null, null, null, null, null, null, null, null, null, null), 
 (880456, 'Joseph', 'Kohl', null, null, null, null, null, null, null, null, null, null, null), 
 (880457, 'Leo', 'Kohl', null, null, null, null, null, null, null, null, null, null, null), 
 (890286, 'Aage ?von?', 'Kohl', null, null, null, null, null, null, null, null, null, null, null), 
 (891430, 'M.', 'Kohl', null, null, null, null, null, null, null, null, null, null, null), 
 (907737, 'Thomas', 'Kohl', null, null, null, null, null, null, null, null, null, null, null), 
 (909342, 'Ullrich', 'Kohl', null, null, null, null, null, null, null, null, null, null, null), 
 (925477, 'Albin ?von?', 'Kohl', null, null, null, null, null, null, null, null, null, null, null), 
 (925483, 'Ursula ?von?', 'Kohl', null, null, null, null, null, null, null, null, null, null, null), 
 (926564, 'Christopher', 'Kohl', null, null, null, null, null, null, null, null, null, null, null), 
 (927500, 'Michel', 'Kohl', null, null, null, null, null, null, null, null, null, null, null), 
 (933600, 'Sylvie', 'Kohl', null, null, null, null, null, null, null, null, null, null, null), 
 (946943, 'Patricia', 'Kohl', null, null, null, null, null, null, null, null, null, null, null), 
 (948872, 'Friedrich', 'Kohl', null, null, null, null, null, null, null, null, null, null, null), 
 (953107, 'Jacob', 'Kohl', null, null, null, null, null, null, null, null, null, null, null), 
 (955214, 'Zacharias', 'Kohl', null, null, null, null, null, null, null, null, null, null, null), 
 (971886, 'Andreas Friedrich', 'Kohl', 'm', null, null, null, null, null, null, null, null, null, null), 
 (993177, 'Uli', 'Kohl', null, null, null, null, null, null, null, null, null, null, null), 
 (996039, 'Kerstin Eleonora', 'Kohl', null, null, null, null, null, null, null, null, null, null, null), 
 (997135, 'Max', 'Kohl', 'm', null, null, null, null, null, null, null, null, null, null), 
 (997463, 'Tobias', 'Kohl', null, null, null, null, null, null, null, null, null, null, null), 
 (1000881, 'Martina', 'Kohl', null, null, null, null, null, null, null, null, null, null, null), 
 (1002799, 'Horst', 'Kohl', null, null, null, null, null, null, null, null, null, null, null), 
 (1006244, 'Johann Nicolaus', 'Kohl', null, null, null, null, null, null, null, null, null, null, null), 
 (1006247, 'Anna Maria', 'Kohl', null, null, null, null, null, null, null, null, null, null, null), 
 (1007644, 'Josef', 'Kohl', 'm', null, null, null, null, null, null, null, null, null, null), 
 (1008731, 'Mirko', 'Kohl', null, null, null, null, null, null, null, null, null, null, null), 
 (1021319, 'Tanja', 'Kohl', null, null, null, null, null, null, null, null, null, null, null), 
 (1027525, 'Sonja', 'Kohl', null, null, null, null, null, null, null, null, null, null, null), 
 (1033019, 'Christian Thomas', 'Kohl', null, null, null, null, null, null, null, null, null, null, null), 
 (1033157, 'Walter', 'Kohl', null, null, null, null, null, null, null, null, null, null, null), 
 (1034581, 'Christian', 'Kohl', null, null, null, null, null, null, null, null, null, null, null), 
 (1043232, 'Kaspar', 'Kohl', null, null, null, null, null, null, null, null, null, null, null), 
 (1052866, 'Manfred', 'Kohl', 'm', null, null, null, null, null, null, null, null, null, null), 
 (1056307, 'Clemens', 'Kohl', null, null, null, null, null, null, null, null, null, null, null), 
 (1072340, 'Michael', 'Kohl', null, null, null, null, null, null, null, null, null, null, null), 
 (1076801, 'Bettina Veronika Maria', 'Kohl', null, null, null, null, null, null, null, null, null, null, null), 
 (1091740, 'Tobias Martin', 'Kohl', null, null, null, null, null, null, null, null, null, null, null), 
 (1091965, 'Matthias', 'Kohl', null, null, null, null, null, null, null, null, null, null, null), 
 (1093527, 'Erwin', 'Kohl', null, null, null, null, null, null, null, null, null, null, null), 
 (1114548, 'Heribert', 'Kohl', null, null, null, null, null, null, null, null, null, null, null), 
 (1120600, 'Angelika', 'Kohl', null, null, null, null, null, null, null, null, null, null, null), 
 (1143647, 'Johann', 'Kohl', null, null, null, null, null, null, null, null, null, null, null), 
 (1153187, 'Ulrich', 'Kohl', null, null, null, null, null, null, null, null, null, null, null);
Insert into integrated.person(id, first_name, last_name, gender, email, url, twitter, degree, education, dbpedia_uri, wikidata_id, nyt_id, associated_articles_count, nyt_definition) values 
 (1158806, 'Johann Jacob', 'Kohl', null, null, null, null, null, null, null, null, null, null, null), 
 (1158807, 'Clara Regina', 'Kohl', null, null, null, null, null, null, null, null, null, null, null), 
 (1159595, 'Horst', 'Kohl', null, null, null, null, null, null, null, null, null, null, null), 
 (1160324, 'Catharina', 'Kohl', null, null, null, null, null, null, null, null, null, null, null), 
 (1162102, 'Benjamin H.', 'Kohl', null, null, null, null, null, null, null, null, null, null, null), 
 (1170790, 'Anja', 'Kohl', 'f', null, null, null, null, null, null, null, null, null, null), 
 (1197155, 'Haide', 'Kohl', null, null, null, null, null, null, null, null, null, null, null), 
 (1206246, 'Max', 'Kohl', 'm', null, null, null, null, null, null, null, null, null, null), 
 (1226701, 'Hermann', 'Kohl', null, null, null, null, null, null, null, null, null, null, null), 
 (1234599, 'Marc Matthias', 'Kohl', null, null, null, null, null, null, null, null, null, null, null), 
 (1235390, 'Alejandro', 'Kohl', null, null, null, null, null, null, null, null, null, null, null), 
 (1235957, 'Kristine', 'Kohl', null, null, null, null, null, null, null, null, null, null, null), 
 (1238514, 'Peter', 'Kohl', null, null, null, null, null, null, null, null, null, null, null), 
 (1240127, 'Samuel', 'Kohl', null, null, null, null, null, null, null, null, null, null, null), 
 (1257404, 'Sandra', 'Kohl', null, null, null, null, null, null, null, null, null, null, null), 
 (1269682, 'Anton', 'Kohl', null, null, null, null, null, null, null, null, null, null, null), 
 (1297340, 'Manfred', 'Kohl', null, null, null, null, null, null, null, null, null, null, null), 
 (1297762, 'Manfred', 'Kohl', null, null, null, null, null, null, null, null, null, null, null), 
 (1317149, 'Bernhard A.', 'Kohl', null, null, null, null, null, null, null, null, null, null, null), 
 (1317150, 'L.', 'Kohl', null, null, null, null, null, null, null, null, null, null, null), 
 (1317151, 'Leonard', 'Kohl', null, null, null, null, null, null, null, null, null, null, null), 
 (1351985, 'Ernest', 'Kohl', null, null, null, null, null, null, null, null, null, null, null), 
 (1358320, 'Markus', 'Kohl', null, null, null, null, null, null, null, null, null, null, null), 
 (1360922, 'Micha', 'Kohl', null, null, null, null, null, null, null, null, null, null, null), 
 (1373060, 'Franz Friedrich', 'Kohl', 'm', null, null, null, null, null, null, null, null, null, null), 
 (1380050, 'Christiane', 'Kohl', 'f', null, null, null, null, null, null, null, null, null, null), 
 (1383902, 'Gabor', 'Kohl', 'm', null, null, null, null, null, null, null, null, null, null), 
 (1392258, 'Achim', 'Kohl', 'm', null, null, null, null, null, null, null, null, null, null), 
 (1404318, 'Elisabeth', 'Kohl', null, null, null, null, null, null, null, null, null, null, null), 
 (1412625, 'Sigrid', 'Kohl', null, null, null, null, null, null, null, null, null, null, null), 
 (1414432, 'Gernot', 'Kohl', null, null, null, null, null, null, null, null, null, null, null), 
 (1416724, 'Bernhard', 'Kohl', null, null, null, null, null, null, null, null, null, null, null), 
 (1424132, 'Christian Emanuel Ferdinand', 'Kohl', 'm', null, null, null, null, null, null, null, null, null, null), 
 (1432185, 'Florian', 'Kohl', null, null, null, null, null, null, null, null, null, null, null), 
 (1457772, 'Daniela', 'Kohl', null, null, null, null, null, null, null, null, null, null, null), 
 (1458369, 'Anton', 'Kohl', null, null, null, null, null, null, null, null, null, null, null), 
 (1458371, 'Ditmar', 'Kohl', null, null, null, null, null, null, null, null, null, null, null), 
 (1458372, 'Franz', 'Kohl', null, null, null, null, null, null, null, null, null, null, null), 
 (1458375, 'Hieronymus', 'Kohl', null, null, null, null, null, null, null, null, null, null, null), 
 (1458376, 'Johann Friedrich', 'Kohl', null, null, null, null, null, null, null, null, null, null, null), 
 (1459760, 'Adolph', 'Kohl', null, null, null, null, null, null, null, null, null, null, null), 
 (1465543, 'Lyn Julia', 'Kohl', null, null, null, null, null, null, null, null, null, null, null), 
 (1467094, 'Frauke', 'Kohl', null, null, null, null, null, null, null, null, null, null, null), 
 (1475110, 'Helga', 'Kohl', null, null, null, null, null, null, null, null, null, null, null), 
 (1475916, 'Peter', 'Kohl', 'm', null, null, null, null, null, null, null, null, null, null), 
 (1486152, 'Philipp', 'Kohl', null, null, null, null, null, null, null, null, null, null, null), 
 (1489414, 'Jens', 'Kohl', null, null, null, null, null, null, null, null, null, null, null), 
 (1502159, 'Wolfram', 'Kohl', null, null, null, null, null, null, null, null, null, null, null), 
 (1506050, 'Sebastian', 'Kohl', null, null, null, null, null, null, null, null, null, null, null), 
 (1506722, 'Julia', 'Kohl', null, null, null, null, null, null, null, null, null, null, null);
Insert into integrated.person(id, first_name, last_name, gender, email, url, twitter, degree, education, dbpedia_uri, wikidata_id, nyt_id, associated_articles_count, nyt_definition) values 
 (1520178, 'Ru?diger', 'Kohl', null, null, null, null, null, null, null, null, null, null, null), 
 (1524699, 'Hans', 'Kohl', null, null, null, null, null, null, null, null, null, null, null), 
 (1536014, 'Helmut', 'Kohl', null, null, null, null, null, null, null, null, null, null, null), 
 (1543480, 'Philip L.', 'Kohl', null, null, null, null, null, null, null, null, null, null, null), 
 (1547176, 'Nicolas', 'Kohl', null, null, null, null, null, null, null, null, null, null, null), 
 (1548352, 'Benoi?t', 'Kohl', null, null, null, null, null, null, null, null, null, null, null), 
 (1556229, 'Wulf', 'Kohl', null, null, null, null, null, null, null, null, null, null, null), 
 (1580538, 'Lutz', 'Kohl', null, null, null, null, null, null, null, null, null, null, null), 
 (1581724, 'Andy', 'Kohl', null, null, null, null, null, null, null, null, null, null, null), 
 (1587492, 'Georg', 'Kohl', 'm', null, null, null, null, null, null, null, null, null, null), 
 (1588751, 'Christian', 'Kohl', null, null, null, null, null, null, null, null, null, null, null), 
 (1607570, 'Torsten', 'Kohl', null, null, null, null, null, null, null, null, null, null, null), 
 (1625827, 'Erich', 'Kohl', 'm', null, null, null, null, null, null, null, null, null, null), 
 (1640215, 'Tim', 'Kohl', null, null, null, null, null, null, null, null, null, null, null), 
 (1654681, 'Thomas', 'Kohl', 'm', null, null, null, null, null, null, null, null, null, null), 
 (1655188, 'Rudolf', 'Kohl', 'm', null, null, null, null, null, null, null, null, null, null), 
 (1663786, 'Gaby', 'Kohl', null, null, null, null, null, null, null, null, null, null, null), 
 (1671142, 'Bianca Dorothea', 'Kohl', null, null, null, null, null, null, null, null, null, null, null), 
 (1673525, 'Philipp ?von?', 'Kohl', null, null, null, null, null, null, null, null, null, null, null), 
 (1708326, 'Robert', 'Kohl', null, null, null, null, null, null, null, null, null, null, null), 
 (1718854, 'Thomas', 'Kohl', 'm', null, null, null, null, null, null, null, null, null, null), 
 (1724408, 'Michael', 'Kohl', null, null, null, null, null, null, null, null, null, null, null), 
 (1741804, 'Benjamin A.', 'Kohl', null, null, null, null, null, null, null, null, null, null, null), 
 (1774223, 'Victoria', 'Kohl', null, null, null, null, null, null, null, null, null, null, null), 
 (1775888, 'MaryAnn F.', 'Kohl', null, null, null, null, null, null, null, null, null, null, null), 
 (1777313, 'Sabine', 'Kohl', null, null, null, null, null, null, null, null, null, null, null), 
 (1781914, 'Matthias', 'Kohl', null, null, null, null, null, null, null, null, null, null, null), 
 (1802528, 'Werner', 'Kohl', 'm', null, null, null, null, null, null, null, null, null, null), 
 (1803378, 'Johann Christian', 'Kohl', null, null, null, null, null, null, null, null, null, null, null), 
 (1804213, 'Christoph', 'Kohl', null, null, null, null, null, null, null, null, null, null, null), 
 (1805725, 'Rainer', 'Kohl', null, null, null, null, null, null, null, null, null, null, null), 
 (1822328, 'Walter H.', 'Kohl', null, null, null, null, null, null, null, null, null, null, null), 
 (1832083, 'Walter', 'Kohl', 'm', null, null, null, null, null, null, null, null, null, null), 
 (1841005, 'Tobias', 'Kohl', null, null, null, null, null, null, null, null, null, null, null), 
 (1853977, 'John R.', 'Kohl', null, null, null, null, null, null, null, null, null, null, null), 
 (1864254, 'Robert', 'Kohl', null, null, null, null, null, null, null, null, null, null, null), 
 (1867908, 'Ludwig', 'Kohl', null, null, null, null, null, null, null, null, null, null, null), 
 (1889170, 'Werner', 'Kohl', null, null, null, null, null, null, null, null, null, null, null), 
 (1899482, 'Siegfried', 'Kohl', null, null, null, null, null, null, null, null, null, null, null), 
 (1957688, 'Linda S.', 'Kohl', null, null, null, null, null, null, null, null, null, null, null), 
 (1964675, 'Reinhard', 'Kohl', null, null, null, null, null, null, null, null, null, null, null), 
 (1969081, 'Markus', 'Kohl', null, null, null, null, null, null, null, null, null, null, null), 
 (1976764, 'Richard David', 'Kohl', null, null, null, null, null, null, null, null, null, null, null), 
 (2013545, 'Andreas', 'Kohl', null, null, null, null, null, null, null, null, null, null, null), 
 (2017977, 'Anke', 'Kohl', null, null, null, null, null, null, null, null, null, null, null), 
 (2060041, 'Stephen W.', 'Kohl', 'm', null, null, null, null, null, null, null, null, null, null), 
 (2064286, 'Sybil', 'Kohl', null, null, null, null, null, null, null, null, null, null, null), 
 (2082442, 'Leopold', 'Kohl', 'm', null, null, null, null, null, null, null, null, null, null), 
 (2082628, 'Helmut', 'Kohl', null, null, null, null, null, null, null, null, null, null, null), 
 (2092212, 'Hans', 'Kohl', null, null, null, null, null, null, null, null, null, null, null);
Insert into integrated.person(id, first_name, last_name, gender, email, url, twitter, degree, education, dbpedia_uri, wikidata_id, nyt_id, associated_articles_count, nyt_definition) values 
 (2094205, 'Hans', 'Kohl', null, null, null, null, null, null, null, null, null, null, null), 
 (2102732, 'Wilhelm Peter', 'Kohl', 'm', null, null, null, null, null, null, null, null, null, null), 
 (2103333, 'Katharina', 'Kohl', null, null, null, null, null, null, null, null, null, null, null), 
 (2106241, 'Herbert', 'Kohl', 'm', null, null, null, null, null, null, null, null, null, null), 
 (2109315, 'Dietrich', 'Kohl', 'm', null, null, null, null, null, null, null, null, null, null), 
 (2152221, 'Tanja', 'Kohl', null, null, null, null, null, null, null, null, null, null, null), 
 (2155113, 'Steffi', 'Kohl', null, null, null, null, null, null, null, null, null, null, null), 
 (2160920, 'He?le?ne', 'Kohl', null, null, null, null, null, null, null, null, null, null, null), 
 (2173242, 'Jo?rg', 'Kohl', null, null, null, null, null, null, null, null, null, null, null), 
 (2182440, 'Gert', 'Kohl', null, null, null, null, null, null, null, null, null, null, null), 
 (2189204, 'Matthias', 'Kohl', null, null, null, null, null, null, null, null, null, null, null), 
 (2192668, 'Andreas', 'Kohl', null, null, null, null, null, null, null, null, null, null, null), 
 (2196525, 'Steffen', 'Kohl', null, null, null, null, null, null, null, null, null, null, null), 
 (2196792, 'Michael', 'Kohl', null, null, null, null, null, null, null, null, null, null, null), 
 (2207569, 'Kirsten', 'Kohl', 'f', null, null, null, null, null, null, null, null, null, null), 
 (2221006, 'Ju?rgen', 'Kohl', null, null, null, null, null, null, null, null, null, null, null), 
 (2222047, 'Manfred', 'Kohl', null, null, null, null, null, null, null, null, null, null, null), 
 (2225136, 'Anne-Christin', 'Kohl', 'f', null, null, null, null, null, null, null, null, null, null), 
 (2229204, 'Horst Otto', 'Kohl', 'm', null, null, null, null, null, null, null, null, null, null), 
 (2230454, 'Yvonne', 'Kohl', null, null, null, null, null, null, null, null, null, null, null), 
 (2231905, 'Philipp', 'Kohl', null, null, null, null, null, null, null, null, null, null, null), 
 (2240136, 'Michael', 'Kohl', 'm', null, null, null, null, null, null, null, null, null, null), 
 (2246950, 'Heinrich', 'Kohl', null, null, null, null, null, null, null, null, null, null, null), 
 (2246952, 'Burchard', 'Kohl', null, null, null, null, null, null, null, null, null, null, null), 
 (2253878, 'Dominikus', 'Kohl', 'm', null, null, null, null, null, null, null, null, null, null), 
 (2255735, 'Wiebke', 'Kohl', null, null, null, null, null, null, null, null, null, null, null), 
 (2262172, 'Christian', 'Kohl', 'm', null, null, null, null, null, null, null, null, null, null), 
 (2271512, 'Bernhard', 'Kohl', null, null, null, null, null, null, null, null, null, null, null), 
 (2279694, 'Andreas', 'Kohl', null, null, null, null, null, null, null, null, null, null, null), 
 (2281289, 'Michael', 'Kohl', 'm', null, null, null, null, null, null, null, null, null, null), 
 (2281637, 'DitmarIV.', 'Kohl', null, null, null, null, null, null, null, null, null, null, null), 
 (2285034, 'Christian Dominik', 'Kohl', 'm', null, null, null, null, null, null, null, null, null, null), 
 (2287046, 'Harold W.', 'Kohl', null, null, null, null, null, null, null, null, null, null, null), 
 (2289792, 'Julius', 'Kohl', 'm', null, null, null, null, null, null, null, null, null, null), 
 (2298962, 'Georg', 'Kohl', 'm', null, null, null, null, null, null, null, null, null, null), 
 (2311423, 'E.', 'Kohl', 'm', null, null, null, null, null, null, null, null, null, null), 
 (2320271, 'Adrian', 'Kohl', 'm', null, null, null, null, null, null, null, null, null, null), 
 (2327680, 'Annika Maria', 'Kohl', null, null, null, null, null, null, null, null, null, null, null), 
 (2327931, 'Josef A.', 'Kohl', null, null, null, null, null, null, null, null, null, null, null), 
 (2330214, 'Uta', 'Kohl', 'f', null, null, null, null, null, null, null, null, null, null), 
 (2338124, 'Jeanette', 'Kohl', 'f', null, null, null, null, null, null, null, null, null, null), 
 (2338760, 'Michael C.', 'Kohl', null, null, null, null, null, null, null, null, null, null, null), 
 (2339308, 'Thomas', 'Kohl', 'm', null, null, null, null, null, null, null, null, null, null), 
 (2348732, 'Ferdinand', 'Kohl', 'm', null, null, null, null, null, null, null, null, null, null), 
 (2358048, 'Johann Nicolaus', 'Kohl', null, null, null, null, null, null, null, null, null, null, null), 
 (2368805, 'Friedrich Emil', 'Kohl', null, null, null, null, null, null, null, null, null, null, null), 
 (2368911, 'Sidney', 'Kohl', null, null, null, null, null, null, null, null, null, null, null), 
 (2375779, 'Ernst', 'Kohl', null, null, null, null, null, null, null, null, null, null, null), 
 (2382305, 'Marie-Anne', 'Kohl', 'f', null, null, null, null, null, null, null, null, null, null), 
 (2384750, 'Alfred', 'Kohl', 'm', null, null, null, null, null, null, null, null, null, null);
Insert into integrated.person(id, first_name, last_name, gender, email, url, twitter, degree, education, dbpedia_uri, wikidata_id, nyt_id, associated_articles_count, nyt_definition) values 
 (2385868, 'Susanne A.', 'Kohl', 'f', null, null, null, null, null, null, null, null, null, null), 
 (2385977, 'Wilhelm', 'Kohl', 'm', null, null, null, null, null, null, null, null, null, null), 
 (2423267, 'Wilhelm', 'Kohl', 'm', null, null, null, null, null, null, null, null, null, null), 
 (2424579, 'Sarah', 'Kohl', 'f', null, null, null, null, null, null, null, null, null, null), 
 (2430568, 'Christine H.', 'Kohl', 'f', null, null, null, null, null, null, null, null, null, null), 
 (2434810, 'Alois', 'Kohl', 'm', null, null, null, null, null, null, null, null, null, null), 
 (2439557, 'Frank Stephan', 'Kohl', null, null, null, null, null, null, null, null, null, null, null), 
 (2445491, 'Juliana', 'Kohl', 'f', null, null, null, null, null, null, null, null, null, null), 
 (2458263, 'Bastian', 'Kohl', 'm', null, null, null, null, null, null, null, null, null, null), 
 (2476725, 'Waldemar', 'Kohl', 'm', null, null, null, null, null, null, null, null, null, null), 
 (2489205, 'Albert', 'Kohl', null, null, null, null, null, null, null, null, null, null, null), 
 (2503857, 'Christianus', 'Kohl', null, null, null, null, null, null, null, null, null, null, null), 
 (2506023, 'Albert', 'Kohl', 'm', null, null, null, null, null, null, null, null, null, null), 
 (2506025, 'Michael', 'Kohl', 'm', null, null, null, null, null, null, null, null, null, null), 
 (2506036, 'Wolf', 'Kohl', 'm', null, null, null, null, null, null, null, null, null, null), 
 (2509033, 'Bert', 'Kohl', 'm', null, null, null, null, null, null, null, null, null, null), 
 (2510805, 'Florian', 'Kohl', null, null, null, null, null, null, null, null, null, null, null), 
 (2525896, 'Joseph', 'Kohl', null, null, null, null, null, null, null, null, null, null, null), 
 (2531455, 'Gerhard', 'Kohl', 'm', null, null, null, null, null, null, null, null, null, null), 
 (2556631, 'Ludwig', 'Kohl', null, null, null, null, null, null, null, null, null, null, null), 
 (2556699, 'Claudia Maria', 'Kohl', 'f', null, null, null, null, null, null, null, null, null, null), 
 (2558346, 'Willy', 'Kohl', null, null, null, null, null, null, null, null, null, null, null), 
 (2592142, 'Werner', 'Kohl', 'm', null, null, null, null, null, null, null, null, null, null), 
 (2597212, 'Ernst Heinrich', 'Kohl', 'm', null, null, null, null, null, null, null, null, null, null), 
 (2613813, 'Johannes', 'Kohl', null, null, null, null, null, null, null, null, null, null, null), 
 (2617367, 'Tobias', 'Kohl', null, null, null, null, null, null, null, null, null, null, null), 
 (2643024, 'Hanne', 'Kohl', 'f', null, null, null, null, null, null, null, null, null, null), 
 (2651256, 'Axel', 'Kohl', null, null, null, null, null, null, null, null, null, null, null), 
 (2684468, 'Manfred Waldemar', 'Kohl', null, null, null, null, null, null, null, null, null, null, null), 
 (2691716, 'Reinhold', 'Kohl', null, null, null, null, null, null, null, null, null, null, null), 
 (2694045, 'Heinz Walter', 'Kohl', 'm', null, null, null, null, null, null, null, null, null, null), 
 (2698864, 'Marcel', 'Kohl', null, null, null, null, null, null, null, null, null, null, null), 
 (2721499, 'Gerald', 'Kohl', 'm', null, null, null, null, null, null, null, null, null, null), 
 (2722263, 'Gustav', 'Kohl', 'm', null, null, null, null, null, null, null, null, null, null), 
 (2722574, 'Matthias', 'Kohl', 'm', null, null, null, null, null, null, null, null, null, null), 
 (2727157, 'Maurice', 'Kohl', 'm', null, null, null, null, null, null, null, null, null, null), 
 (2735211, 'Stefan', 'Kohl', 'm', null, null, null, null, null, null, null, null, null, null), 
 (2754008, 'Tobias', 'Kohl', 'm', null, null, null, null, null, null, null, null, null, null), 
 (2757883, 'Hans', 'Kohl', 'm', null, null, null, null, null, null, null, null, null, null), 
 (2781194, 'Meike', 'Kohl', 'f', null, null, null, null, null, null, null, null, null, null), 
 (2784229, 'Lars', 'Kohl', 'm', null, null, null, null, null, null, null, null, null, null), 
 (2791097, 'Franz Theodor', 'Kohl', null, null, null, null, null, null, null, null, null, null, null), 
 (2792286, 'Thomas', 'Kohl', null, null, null, null, null, null, null, null, null, null, null), 
 (2838182, 'Sebastian', 'Kohl', 'm', null, null, null, null, null, null, null, null, null, null), 
 (2842543, 'Ernst', 'Kohl', null, null, null, null, null, null, null, null, null, null, null), 
 (2863751, 'Franziska', 'Kohl', 'f', null, null, null, null, null, null, null, null, null, null), 
 (2901752, 'Andreas', 'Kohl', null, null, null, null, null, null, null, null, null, null, null), 
 (2954126, 'Alex', 'Kohl', null, null, null, null, null, null, null, null, null, null, null), 
 (2954127, 'Anna', 'Kohl', null, null, null, null, null, null, null, null, null, null, null), 
 (2954128, 'Anneliese', 'Kohl', null, null, null, null, null, null, null, null, null, null, null);
Insert into integrated.person(id, first_name, last_name, gender, email, url, twitter, degree, education, dbpedia_uri, wikidata_id, nyt_id, associated_articles_count, nyt_definition) values 
 (2954129, 'Artur', 'Kohl', null, null, null, null, null, null, null, null, null, null, null), 
 (2954130, 'Carl', 'Kohl', null, null, null, null, null, null, null, null, null, null, null), 
 (2954135, 'Edmund', 'Kohl', null, null, null, null, null, null, null, null, null, null, null), 
 (2954136, 'Elsbeth', 'Kohl', null, null, null, null, null, null, null, null, null, null, null), 
 (2954151, 'Hubert', 'Kohl', null, null, null, null, null, null, null, null, null, null, null), 
 (2954153, 'Johannes Wilhelm', 'Kohl', null, null, null, null, null, null, null, null, null, null, null), 
 (2954158, 'Marianne', 'Kohl', null, null, null, null, null, null, null, null, null, null, null), 
 (2954161, 'Stanley', 'Kohl', null, null, null, null, null, null, null, null, null, null, null), 
 (2954162, 'Theodor', 'Kohl', null, null, null, null, null, null, null, null, null, null, null), 
 (2954164, 'Valentin', 'Kohl', null, null, null, null, null, null, null, null, null, null, null), 
 (2954165, 'Walther', 'Kohl', null, null, null, null, null, null, null, null, null, null, null), 
 (2954166, 'Waltraut Maria', 'Kohl', null, null, null, null, null, null, null, null, null, null, null), 
 (3007350, 'August', 'Kohl', null, null, null, null, null, null, null, null, null, null, null), 
 (3007351, 'Georg W.', 'Kohl', null, null, null, null, null, null, null, null, null, null, null), 
 (3007352, 'Heino', 'Kohl', null, null, null, null, null, null, null, null, null, null, null), 
 (3056379, 'F.', 'Kohl', null, null, null, null, null, null, null, null, null, null, null), 
 (3071532, 'Kamilla', 'Kohl', null, null, null, null, null, null, null, null, null, null, null), 
 (3083992, 'Charles', 'Kohl', null, null, null, null, null, null, null, null, null, null, null), 
 (3083994, 'K. W.', 'Kohl', null, null, null, null, null, null, null, null, null, null, null), 
 (3092840, 'O.', 'Kohl', null, null, null, null, null, null, null, null, null, null, null), 
 (3098572, 'Gerhard Karl', 'Kohl', null, null, null, null, null, null, null, null, null, null, null), 
 (3126673, 'Sepp', 'Kohl', null, null, null, null, null, null, null, null, null, null, null), 
 (3150059, 'Richard', 'Kohl', null, null, null, null, null, null, null, null, null, null, null), 
 (3170305, 'Susan', 'Kohl', null, null, null, null, null, null, null, null, null, null, null), 
 (3171699, 'Hermann', 'Kohl', null, null, null, null, null, null, null, null, null, null, null), 
 (3195048, 'Andreas', 'Kohl', null, null, null, null, null, null, null, null, null, null, null), 
 (3197359, 'Hans-Gu?nter', 'Kohl', null, null, null, null, null, null, null, null, null, null, null), 
 (3204396, 'Gerald', 'Kohl', null, null, null, null, null, null, null, null, null, null, null), 
 (3204457, 'Ralf', 'Kohl', null, null, null, null, null, null, null, null, null, null, null), 
 (3204920, 'Katrin', 'Kohl', null, null, null, null, null, null, null, null, null, null, null), 
 (3207259, 'Elke', 'Kohl', null, null, null, null, null, null, null, null, null, null, null), 
 (3207260, 'Volker', 'Kohl', null, null, null, null, null, null, null, null, null, null, null), 
 (3210852, 'Oliver', 'Kohl', null, null, null, null, null, null, null, null, null, null, null), 
 (3227348, 'August', 'Kohl', null, null, null, null, null, null, null, null, null, null, null), 
 (3229205, 'Klaus-Ju?rgen', 'Kohl', null, null, null, null, null, null, null, null, null, null, null), 
 (3236334, 'Andreas', 'Kohl', null, null, null, null, null, null, null, null, null, null, null), 
 (3236626, 'Andreas', 'Kohl', null, null, null, null, null, null, null, null, null, null, null), 
 (3238747, 'Reiner', 'Kohl', null, null, null, null, null, null, null, null, null, null, null), 
 (3254155, 'Beate', 'Kohl', null, null, null, null, null, null, null, null, null, null, null), 
 (3258137, 'Raimund', 'Kohl', null, null, null, null, null, null, null, null, null, null, null), 
 (3260298, 'Otto', 'Kohl', null, null, null, null, null, null, null, null, null, null, null), 
 (3272437, 'Ullrich', 'Kohl', null, null, null, null, null, null, null, null, null, null, null), 
 (3272507, 'Edith', 'Kohl', 'f', null, null, null, null, null, null, null, null, null, null), 
 (3278865, 'Joe', 'Kohl', null, null, null, null, null, null, null, null, null, null, null), 
 (3291886, 'Christina', 'Kohl', null, null, null, null, null, null, null, null, null, null, null), 
 (3297201, 'Mechthild', 'Kohl', null, null, null, null, null, null, null, null, null, null, null), 
 (3297713, 'Peter', 'Kohl', null, null, null, null, null, null, null, null, null, null, null), 
 (3320181, 'Johann Baptist', 'Kohl', null, null, null, null, null, null, null, null, null, null, null), 
 (3329680, 'Matthias', 'Kohl', null, null, null, null, null, null, null, null, null, null, null), 
 (3330535, 'Lena', 'Kohl', null, null, null, null, null, null, null, null, null, null, null);
Insert into integrated.person(id, first_name, last_name, gender, email, url, twitter, degree, education, dbpedia_uri, wikidata_id, nyt_id, associated_articles_count, nyt_definition) values 
 (3345686, 'Chistian', 'Kohl', null, null, null, null, null, null, null, null, null, null, null), 
 (3345687, 'Willi', 'Kohl', null, null, null, null, null, null, null, null, null, null, null), 
 (3345688, 'Wolfgang', 'Kohl', null, null, null, null, null, null, null, null, null, null, null), 
 (3370614, 'Rolf Dieter', 'Kohl', null, null, null, null, null, null, null, null, null, null, null), 
 (3373433, 'Rudi', 'Kohl', null, null, null, null, null, null, null, null, null, null, null), 
 (3382796, 'Edmund', 'Kohl', null, null, null, null, null, null, null, null, null, null, null), 
 (3388503, 'Adam', 'Kohl', null, null, null, null, null, null, null, null, null, null, null), 
 (3460304, 'Renate', 'Kohl', 'f', null, null, null, null, null, null, null, null, null, null), 
 (3464897, 'Friedrich Wilhelm Erich', 'Kohl', 'm', null, null, null, null, null, null, null, null, null, null), 
 (3465802, 'Hr.', 'Kohl', 'm', null, null, null, null, null, null, null, null, null, null), 
 (3471721, 'Rudolf', 'Kohl', 'm', null, null, null, null, null, null, null, null, null, null), 
 (3472099, 'Josef', 'Kohl', 'm', null, null, null, null, null, null, null, null, null, null), 
 (3486114, 'Johann Georg', 'Kohl', null, null, null, null, null, null, null, null, null, null, null), 
 (3486545, 'Andreas', 'Kohl', 'm', null, null, null, null, null, null, null, null, null, null), 
 (3492348, 'Johann Heinrich', 'Kohl', null, null, null, null, null, null, null, null, null, null, null), 
 (3494688, 'R.', 'Kohl', null, null, null, null, null, null, null, null, null, null, null), 
 (3496710, 'Paul', 'Kohl', null, null, null, null, null, null, null, null, null, null, null), 
 (3504751, 'Philippus Fridericus', 'Kohl', null, null, null, null, null, null, null, null, null, null, null), 
 (3506322, 'Ludwig', 'Kohl', null, null, null, null, null, null, null, null, null, null, null), 
 (3511550, 'Anna', 'Kohl', null, null, null, null, null, null, null, null, null, null, null), 
 (3516176, 'Ditmar', 'Kohl', null, null, null, null, null, null, null, null, null, null, null), 
 (3527126, 'Friedrich', 'Kohl', null, null, null, null, null, null, null, null, null, null, null), 
 (3538438, 'Karl', 'Kohl', null, null, null, null, null, null, null, null, null, null, null), 
 (3540379, 'Louis ?von?', 'Kohl', null, null, null, null, null, null, null, null, null, null, null), 
 (3545315, 'Richard', 'Kohl', null, null, null, null, null, null, null, null, null, null, null), 
 (3547112, 'Hermann', 'Kohl', null, null, null, null, null, null, null, null, null, null, null), 
 (3548298, 'Hermann', 'Kohl', null, null, null, null, null, null, null, null, null, null, null), 
 (3571994, 'Johann Gottfried', 'Kohl', null, null, null, null, null, null, null, null, null, null, null), 
 (3592621, 'Friedrich', 'Kohl', null, null, null, null, null, null, null, null, null, null, null), 
 (3599229, 'Benjamin G.', 'Kohl', null, null, null, null, null, null, null, null, null, null, null), 
 (3689302, 'Benjami?n', 'Kohl', null, null, null, null, null, null, null, null, null, null, null), 
 (3718100, 'Do?rte', 'Kohl', null, null, null, null, null, null, null, null, null, null, null), 
 (3741390, 'Alfred', 'Kohl', 'm', null, null, null, null, null, null, null, null, null, null), 
 (3741391, 'August', 'Kohl', 'm', null, null, null, null, null, null, null, null, null, null), 
 (3741392, 'Johannes', 'Kohl', 'm', null, null, null, null, null, null, null, null, null, null), 
 (3752703, 'Mathias', 'Kohl', 'm', null, null, null, null, null, null, null, null, null, null), 
 (3759077, 'Kaj Max', 'Kohl', 'm', null, null, null, null, null, null, null, null, null, null), 
 (3773608, 'Phillip', 'Kohl', 'm', null, null, null, null, null, null, null, null, null, null), 
 (3774595, 'Gregor', 'Kohl', 'm', null, null, null, null, null, null, null, null, null, null), 
 (3785560, 'Siegbert', 'Kohl', 'm', null, null, null, null, null, null, null, null, null, null), 
 (3794750, 'Dieter', 'Kohl', 'm', null, null, null, null, null, null, null, null, null, null), 
 (3800647, 'Ilse', 'Kohl', 'f', null, null, null, null, null, null, null, null, null, null), 
 (3815765, 'Klaus-Peter', 'Kohl', 'm', null, null, null, null, null, null, null, null, null, null), 
 (3834760, 'Isabella', 'Kohl', 'f', null, null, null, null, null, null, null, null, null, null), 
 (3835547, 'Mathilde', 'Kohl', 'f', null, null, null, null, null, null, null, null, null, null), 
 (3845400, 'Kai-Uwe', 'Kohl', 'm', null, null, null, null, null, null, null, null, null, null), 
 (3851681, 'Jason', 'Kohl', 'm', null, null, null, null, null, null, null, null, null, null), 
 (3855450, 'Daniel', 'Kohl', 'm', null, null, null, null, null, null, null, null, null, null), 
 (3857831, 'Gerard S.', 'Kohl', 'm', null, null, null, null, null, null, null, null, null, null), 
 (3860337, 'Irene', 'Kohl', 'f', null, null, null, null, null, null, null, null, null, null);
Insert into integrated.person(id, first_name, last_name, gender, email, url, twitter, degree, education, dbpedia_uri, wikidata_id, nyt_id, associated_articles_count, nyt_definition) values 
 (3873403, 'Wolfgang', 'Kohl', null, null, null, null, null, null, null, null, null, null, null), 
 (3890916, 'Lawrence Frederick', 'Kohl', null, null, null, null, null, null, null, null, null, null, null), 
 (3914753, 'Aug.', 'Kohl', 'm', null, null, null, null, null, null, null, null, null, null), 
 (3918028, 'Georg', 'Kohl', 'm', null, null, null, null, null, null, null, null, null, null), 
 (3929301, 'Carl Friedrich', 'Kohl', 'm', null, null, null, null, null, null, null, null, null, null), 
 (927952, 'Sara', 'Haus', null, null, null, null, null, null, null, null, null, null, null), 
 (679519, 'Joachim ?von?', 'Seliger', null, null, null, null, null, null, null, null, null, null, null), 
 (1733952, 'Maike', 'Richter', 'f', null, null, null, null, null, null, null, null, null, null), 
 (3469988, 'Elisabeth ?von?', 'Seliger', 'f', null, null, null, null, null, null, null, null, null, null), 
 (558152, 'Melchior', 'Hausius', null, null, null, null, null, null, null, null, null, null, null), 
 (3469987, 'Adam ?von?', 'Seliger', 'm', null, null, null, null, null, null, null, null, null, null), 
 (3469997, 'Maria', 'Ku?hne', 'f', null, null, null, null, null, null, null, null, null, null), 
 (3469998, 'Lucas', 'Ku?hne', 'm', null, null, null, null, null, null, null, null, null, null), 
 (205101, 'Wolfgang', 'Libal', null, null, null, null, null, null, null, null, null, null, null), 
 (246677, 'Andreas Daniel', 'Habichhorst', null, null, null, null, null, null, null, null, null, null, null), 
 (2405912, 'Elisabetha', 'Habichhorst', null, null, null, null, null, null, null, null, null, null, null);
Insert into integrated.country(id, wikidata_id, name) values 
 (3, null, 'DE'), 
 (7, 'http://www.wikidata.org/entity/Q7318', 'Nazi Germany'), 
 (85, 'http://www.wikidata.org/entity/Q41304', 'Weimar Republic'), 
 (117, 'http://www.wikidata.org/entity/Q16957', 'East Germany');
Insert into integrated.person_occupation(person_id, occupation_id) values 
 (2757883, 2784), 
 (487295, 2037), 
 (3320181, 2022), 
 (2311423, 2043), 
 (1373060, 2143), 
 (474714, 2046), 
 (1506722, 9568), 
 (1805725, 4218), 
 (1392258, 2118), 
 (1458372, 2445), 
 (289006, 2027), 
 (2556631, 2023), 
 (1021319, 10696), 
 (1432185, 3382), 
 (1380050, 2704), 
 (2423267, 2191), 
 (1625827, 2023), 
 (289014, 2102), 
 (2384750, 2043), 
 (1741804, 2023), 
 (3469988, 4820), 
 (830706, 3971), 
 (1580538, 2275), 
 (1520178, 2039), 
 (2196792, 4181), 
 (650581, 2479), 
 (128752, 2085), 
 (2722263, 2040), 
 (3330535, 2924), 
 (1006244, 2438), 
 (925483, 4820), 
 (3718100, 2280), 
 (1297762, 2109), 
 (1458369, 2168), 
 (2506036, 2230), 
 (2106241, 2031), 
 (1654681, 2025), 
 (3195048, 27702), 
 (3851681, 2138), 
 (1008731, 2099), 
 (1457772, 3396), 
 (1475110, 2868), 
 (1655188, 2023), 
 (2385868, 2874), 
 (3460304, 2369), 
 (1033019, 2390), 
 (2506025, 2230), 
 (2458263, 2555), 
 (2503857, 2022), 
 (2434810, 2043);
Insert into integrated.person_occupation(person_id, occupation_id) values 
 (393361, 2109), 
 (2222047, 2805), 
 (1777313, 9693), 
 (550034, 2086), 
 (933600, 2857), 
 (1458376, 2445), 
 (676406, 2025), 
 (1269682, 2093), 
 (2338760, 3269), 
 (1867908, 2085), 
 (1297340, 2037), 
 (2727157, 2493), 
 (293381, 2167), 
 (447140, 2191), 
 (925477, 2420), 
 (2279694, 2083), 
 (2339308, 2149), 
 (1158806, 2438), 
 (3752703, 2638), 
 (2592142, 8110), 
 (3800647, 5190), 
 (1412625, 2880), 
 (1718854, 2046), 
 (1588751, 2117), 
 (3914753, 2081), 
 (2643024, 4383), 
 (1803378, 2436), 
 (723637, 2230), 
 (2196525, 2547), 
 (1733952, 3488), 
 (1153187, 2109), 
 (1238514, 2053), 
 (744204, 2637), 
 (3229205, 9960), 
 (289015, 2025), 
 (2225136, 2814), 
 (927952, 4820), 
 (2506023, 2230), 
 (2102732, 2520), 
 (3845400, 4909), 
 (1091740, 2035), 
 (1197155, 2059), 
 (584623, 2062), 
 (1581724, 16273), 
 (946943, 3839), 
 (2863751, 3488), 
 (2103333, 2467), 
 (246677, 2055), 
 (1775888, 2552), 
 (1663786, 3257);
Insert into integrated.person_occupation(person_id, occupation_id) values 
 (3855450, 3342), 
 (1506050, 4218), 
 (2430568, 2806), 
 (3370614, 2046), 
 (447139, 2085), 
 (293371, 5389), 
 (424483, 2025), 
 (3773608, 2638), 
 (2510805, 2039), 
 (2192668, 3781), 
 (1822328, 2109), 
 (2092212, 2074), 
 (569053, 2311), 
 (1458375, 2445), 
 (260936, 2026), 
 (2385977, 2026), 
 (2722574, 3814), 
 (2784229, 2085), 
 (3272507, 2280), 
 (2368911, 2332), 
 (288995, 2079), 
 (2221006, 2356), 
 (1640215, 2572), 
 (679091, 2195), 
 (2253878, 2023), 
 (2281289, 2068), 
 (1864254, 2027), 
 (1234599, 2025), 
 (3835547, 17265), 
 (2684468, 2024), 
 (234028, 2033), 
 (2189204, 2242), 
 (3834760, 5190), 
 (1206246, 3140), 
 (2556699, 3809), 
 (802163, 2085), 
 (769906, 3070), 
 (127231, 2015), 
 (3785560, 15498), 
 (576141, 2035), 
 (1424132, 2035), 
 (1052866, 2572), 
 (1358320, 2057), 
 (3472099, 2117), 
 (678416, 2907), 
 (2327680, 2467), 
 (447141, 2964), 
 (2155113, 7463), 
 (3204920, 3373), 
 (3210852, 2023);
Insert into integrated.person_occupation(person_id, occupation_id) values 
 (1489414, 2177), 
 (3204457, 2390), 
 (2445491, 13077), 
 (2439557, 16445), 
 (3388503, 2027), 
 (1404318, 4071), 
 (2558346, 2027), 
 (948872, 2117), 
 (3759077, 2142), 
 (3465802, 2142), 
 (254170, 2874), 
 (3469998, 3038), 
 (1007644, 2646), 
 (261302, 2043), 
 (2094205, 2026), 
 (726049, 3269), 
 (705282, 2104), 
 (1458371, 2297), 
 (3571994, 2023), 
 (2476725, 2484), 
 (844086, 2369), 
 (1543480, 2541), 
 (3860337, 2811), 
 (2285034, 23566), 
 (270249, 2059), 
 (2509033, 2470), 
 (141389, 2096), 
 (2240136, 2294), 
 (2424579, 2059), 
 (1002799, 3130), 
 (2613813, 2502), 
 (1475916, 2085), 
 (669953, 3666), 
 (127231, 1886), 
 (1465543, 4071), 
 (2082442, 2118), 
 (2330214, 2797), 
 (1226701, 2198), 
 (1853977, 20240), 
 (205101, 2053), 
 (1000881, 2941), 
 (2338124, 2550), 
 (2231905, 2638), 
 (1774223, 2280), 
 (1708326, 2085), 
 (1235390, 2023), 
 (2691716, 2493), 
 (1832083, 2123), 
 (1671142, 2583), 
 (993177, 2868);
Insert into integrated.person_occupation(person_id, occupation_id) values 
 (1587492, 2079), 
 (152501, 2123), 
 (1673525, 5669), 
 (2694045, 2116), 
 (1162102, 2037), 
 (289012, 2030), 
 (2781194, 2280), 
 (231529, 2025), 
 (27583, 1476), 
 (3774595, 2142), 
 (288993, 2168), 
 (698139, 2030), 
 (393360, 2025), 
 (3471721, 2123), 
 (1556229, 3294), 
 (3254155, 14464), 
 (2651256, 2180), 
 (2721499, 2025), 
 (194668, 2043), 
 (432321, 2093), 
 (680787, 2289), 
 (971886, 2025), 
 (3857831, 2142), 
 (2531455, 3414), 
 (2489205, 3507), 
 (2262172, 2078), 
 (3469987, 22669), 
 (3297201, 2023), 
 (1159595, 2037), 
 (1802528, 2043), 
 (2617367, 2023), 
 (2842543, 4956), 
 (1536014, 3482), 
 (2287046, 9042), 
 (2109315, 2502), 
 (215288, 2067), 
 (2838182, 2103), 
 (2229204, 2103), 
 (558152, 2026), 
 (2298962, 2093), 
 (3236334, 2109), 
 (3469997, 4820), 
 (625622, 2026), 
 (3272437, 3206), 
 (2525896, 2281), 
 (2281637, 2240), 
 (2792286, 3294), 
 (2060041, 2599), 
 (393362, 2086), 
 (1502159, 2964);
Insert into integrated.person_occupation(person_id, occupation_id) values 
 (1076801, 3689), 
 (1383902, 2057), 
 (2064286, 2369), 
 (1093527, 2026), 
 (1548352, 2637), 
 (2152221, 22031), 
 (1416724, 2788), 
 (2954153, 2041), 
 (880455, 2084), 
 (1034581, 2086), 
 (289004, 2024), 
 (2160920, 2874), 
 (3794750, 2142), 
 (1143647, 2296), 
 (2320271, 3263), 
 (2375779, 2037), 
 (3297713, 2046), 
 (679519, 2297), 
 (1351985, 2057), 
 (2182440, 2099), 
 (2348732, 2031), 
 (1360922, 2118), 
 (3815765, 7220), 
 (2368805, 2023), 
 (1486152, 2024), 
 (1547176, 2181), 
 (3464897, 2142), 
 (2207569, 4360), 
 (526342, 2085), 
 (688244, 2467), 
 (3260298, 2079), 
 (1170790, 3374), 
 (3345688, 2445), 
 (288991, 2874);
Insert into integrated.politician(person_id, aw_uuid, aw_username, aw_picture_url) values 
 (27583, '{F63FE5CD-EADB-4FD8-946A-3E3B6D25E993}', 'ralf-detlef-kohl', 'https://www.abgeordnetenwatch.de/sites/abgeordnetenwatch.de/files/default_images/img_fotodummy_210x140.jpg'), 
 (124108, null, null, null);
Insert into integrated.person_country(person_id, country_id) values 
 (27583, 3), 
 (127231, 7), 
 (127231, 117), 
 (127231, 85);
Insert into integrated."work"(id, person_id, name) values 
 (230772, 890286, 'Rui?ge''s Hængekøje'), 
 (234873, 890286, '?Den? rode Sol');
Insert into integrated.almamater(person_id, university) values 
 (124108, 'http://dbpedia.org/resource/Heidelberg_University'), 
 (124108, 'http://dbpedia.org/resource/Heidelberg_University');
Insert into integrated.place(id, name, latitude, longitude, country_id) values 
 (23288, 'Rostock', 'N054.088700', 'E012.140489', null), 
 (19357, 'Eschwege', 'N051.183860', 'E010.053290', null), 
 (20709, 'Chemnitz', 'N050.833329', 'E012.916669', null), 
 (25050, 'Wien', 'N048.208199', 'E016.371690', null), 
 (19528, 'Frankfurt am Main', 'N050.115277', 'E008.684166', null), 
 (22399, 'Nu?rnberg', 'N049.454166', 'E011.775000', null), 
 (20055, 'Halle (Saale)', 'N051.500000', 'E012.000000', null), 
 (21983, 'Mu?nster (Westf)', 'N051.962222', 'E007.625555', null), 
 (25060, 'Wiesbaden', 'N050.082580', 'E008.249320', null), 
 (18560, 'Bremen', 'N053.083329', 'E008.833330', null), 
 (18289, 'Berlin', 'N052.500000', 'E013.416669', null), 
 (19838, 'Go?ttingen', 'N051.539329', 'E009.934060', null), 
 (21229, 'Leipzig', 'N051.339444', 'E012.371111', null);
Insert into integrated.related_to(person1_id, person2_id, type) values 
 (925483, 558152, 'Schwa?gerin'), 
 (432321, 777016, 'Ehemann'), 
 (487295, 270249, 'Bruder'), 
 (1733952, 432321, 'Ehefrau'), 
 (3469988, 3469987, 'Mutter'), 
 (925477, 679519, 'Schwiegersohn'), 
 (925483, 3469997, 'Schwester'), 
 (3469987, 925483, 'Bruder'), 
 (3469988, 3469998, 'Schwiegermutter'), 
 (3469987, 927952, 'Bruder'), 
 (3469998, 3469987, 'Schwager'), 
 (3469987, 3469988, 'Sohn'), 
 (558152, 3469997, 'Schwager'), 
 (558152, 927952, 'Ehemann'), 
 (3469998, 3469988, 'Schwiegersohn'), 
 (3469997, 679519, 'Tochter'), 
 (927952, 3469997, 'Schwester'), 
 (679519, 3469997, 'Vater'), 
 (3469987, 3469998, 'Schwager'), 
 (712552, 246677, 'Ehefrau'), 
 (925477, 927952, 'Schwager'), 
 (288991, 205101, 'Ehefrau'), 
 (432321, 1832083, 'Vater'), 
 (925483, 3469988, 'Tochter'), 
 (927952, 925477, 'Schwa?gerin'), 
 (927952, 3469988, 'Tochter'), 
 (3469988, 3469997, 'Mutter'), 
 (1832083, 777016, 'Sohn'), 
 (925483, 3469987, 'Schwester'), 
 (925477, 558152, 'Schwager'), 
 (1832083, 432321, 'Sohn'), 
 (3469997, 925483, 'Schwester'), 
 (246677, 2405912, 'Ehemann'), 
 (558152, 3469988, 'Schwiegersohn'), 
 (3469988, 679519, 'Ehefrau'), 
 (558152, 3469987, 'Schwager'), 
 (679519, 3469998, 'Schwiegervater'), 
 (558152, 3469998, 'Schwager'), 
 (679519, 3469987, 'Vater'), 
 (3469997, 927952, 'Schwester'), 
 (927952, 3469987, 'Schwester'), 
 (925477, 3469997, 'Schwager'), 
 (925477, 925483, 'Ehemann'), 
 (3469988, 925483, 'Mutter'), 
 (558152, 925477, 'Schwager'), 
 (679519, 925477, 'Schwiegervater'), 
 (3469997, 3469998, 'Ehefrau'), 
 (558152, 679519, 'Schwiegersohn'), 
 (3469998, 558152, 'Schwager'), 
 (3469988, 558152, 'Schwiegermutter');
Insert into integrated.related_to(person1_id, person2_id, type) values 
 (3469987, 558152, 'Schwager'), 
 (3469988, 927952, 'Mutter'), 
 (3469997, 558152, 'Schwa?gerin'), 
 (925483, 679519, 'Tochter'), 
 (925483, 3469998, 'Schwa?gerin'), 
 (3469998, 925483, 'Schwager'), 
 (927952, 679519, 'Tochter'), 
 (927952, 3469998, 'Schwa?gerin'), 
 (3469998, 3469997, 'Ehemann'), 
 (927952, 558152, 'Ehefrau'), 
 (3469998, 927952, 'Schwager'), 
 (679519, 3469988, 'Ehemann'), 
 (777016, 1832083, 'Mutter'), 
 (925477, 3469998, 'Schwager'), 
 (925477, 3469987, 'Schwager'), 
 (777016, 432321, 'Ehefrau'), 
 (925477, 3469988, 'Schwiegersohn'), 
 (3469998, 925477, 'Schwager'), 
 (3469997, 925477, 'Schwa?gerin'), 
 (3469988, 925477, 'Schwiegermutter'), 
 (3469987, 925477, 'Schwager'), 
 (3469987, 679519, 'Sohn'), 
 (3469997, 3469988, 'Tochter'), 
 (3469998, 679519, 'Schwiegersohn'), 
 (679519, 558152, 'Schwiegervater'), 
 (432321, 1733952, 'Ehemann'), 
 (925483, 925477, 'Ehefrau'), 
 (925483, 927952, 'Schwester'), 
 (679519, 925483, 'Vater'), 
 (927952, 925483, 'Schwester'), 
 (558152, 925483, 'Schwager'), 
 (3469997, 3469987, 'Schwester'), 
 (679519, 927952, 'Vater'), 
 (3469987, 3469997, 'Bruder');
Insert into integrated.person_party(party_id, person_id) values 
 (64, 27583), 
 (137, 124108), 
 (137, 124108);
Insert into integrated.death(person_id, place_id, "year", "month", "day") values 
 (676406, 23288, 1667, 5, 17), 
 (3469987, 21229, 1591, 11, 27), 
 (2558346, 19838, 1890, 12, 6), 
 (2489205, 19357, 1929, 8, 24), 
 (802163, 22399, 1624, 12, 31), 
 (584623, 21983, 1913, 12, 9), 
 (1424132, 20055, 1740, 1, 26), 
 (2281289, 18289, 1929, 9, 28), 
 (487295, 18560, 1808, 4, 28), 
 (288991, 25050, 1923, 3, 23), 
 (2109315, 25060, 1861, 11, 12), 
 (1864254, 20709, 1813, 12, 14), 
 (3571994, 19528, 1765, 10, 7);
Insert into integrated.candidacy(candidate, parliament, constituency, party_id, state_id, result, num, mandate, ended) values 
 (27583, '{E19542ED-9859-4C33-86B8-8D0FEE3B6134}', '{3E06F282-5DB0-453F-AADE-255191951978}', 64, null, 0.4, 33, null, null);
