-- generated by Jailer 4.3.5, Sat Jan 09 23:46:39 CET 2016 from jreschke@CE08657
-- 
-- Extraction Model:  integrated.person where last_name = 'Merkel' (C:\Users\jreschke\Documents\HPI\Informationsintegration\jailer-for-integrated\person-subset.csv)
-- Database URL:      jdbc:postgresql://localhost:5432/infoint
-- Database User:     infoint
-- 
-- Exported Rows:     972
--     state                          1
--     occupation                     115
--     author                         1
--     related_to                     20
--     person                         380
--     country                        1
--     person_occupation              237
--     politician                     2
--     book                           6
--     death                          65
--     almamater                      1
--     birth                          113
--     party                          2
--     parliament                     1
--     university                     1
--     candidacy                      1
--     person_party                   2
--     place                          13
--     work                           3
--     auxiliary_income               7
-- 
Insert into integrated.parliament(uuid, name, start_date, end_date, election_date) values 
 ('b83ce30b77d54731a010dc87edd0b754', 'Bundestag', null, null, null);
Insert into integrated.occupation(id, label) values 
 (2145, 'Religionswissenschaftler'), 
 (2123, 'Unternehmer'), 
 (6979, 'Katechetin'), 
 (6864, 'Fuﬂballtrainer'), 
 (2501, 'Maschinenbauingenieur'), 
 (2941, 'Illustratorin'), 
 (2356, 'Soziologe'), 
 (4898, 'Finanzanalyst'), 
 (2869, 'Zahna?rztin'), 
 (2170, 'Kunsthistoriker'), 
 (2167, 'Rechtsanwalt'), 
 (3171, 'Sozialpa?dagogin'), 
 (3308, 'Apothekerin'), 
 (2268, 'Oberlehrer'), 
 (2633, 'Soziologin'), 
 (2030, 'Philologe'), 
 (2558, 'Erziehungswissenschaftler'), 
 (5927, 'Schatzrat'), 
 (2074, 'Buchdrucker'), 
 (2467, 'Psychologin'), 
 (2026, 'Schriftsteller'), 
 (2230, 'Autor'), 
 (2583, 'Biologin'), 
 (2191, 'Maler'), 
 (14705, 'Sportfotograf'), 
 (3768, 'Wissenschaftliche Bibliothekarin'), 
 (2275, 'Informatiker'), 
 (3659, 'Hydrogeologe'), 
 (2294, 'Agrarwissenschaftler'), 
 (2078, 'Biologe'), 
 (3162, 'Sportjournalist'), 
 (2076, 'Landwirt'), 
 (2099, 'Zahnarzt'), 
 (3026, 'Grafiker'), 
 (5660, 'Fabrikant'), 
 (3376, 'Kirchenrat'), 
 (2907, 'Germanistin'), 
 (2623, 'Wirtschaftswissenschaftlerin'), 
 (3342, 'Kameramann'), 
 (2023, 'Arzt'), 
 (2117, 'Kaufmann'), 
 (2050, 'Mineraloge'), 
 (2924, 'Informatikerin'), 
 (2085, 'Ku?nstler'), 
 (2028, 'Evangelischer Theologe'), 
 (2118, 'Komponist'), 
 (2947, 'Sa?ngerin'), 
 (3607, 'Architekturhistorikerin'), 
 (2742, 'Superintendent'), 
 (2573, 'Politikerin');
Insert into integrated.occupation(id, label) values 
 (2373, 'Germanist'), 
 (3751, 'Religionspa?dagoge'), 
 (3285, 'Berufsschullehrer'), 
 (2109, 'Physiker'), 
 (3207, 'Heilpraktiker'), 
 (2057, 'Musiker'), 
 (2637, 'Juristin'), 
 (4071, 'Assistenza?rztin'), 
 (2528, 'Stadtrat'), 
 (2024, 'Theologe'), 
 (2096, 'Archa?ologe'), 
 (2025, 'Jurist'), 
 (2257, 'Gutsherr'), 
 (2055, 'Philosoph'), 
 (3188, 'Orthopa?de'), 
 (3622, 'Buchha?ndlerin'), 
 (2390, 'Politologe'), 
 (2549, 'Lehrerin'), 
 (24407, 'U?berseekaufmann'), 
 (6704, 'Verkehrsplaner'), 
 (2858, 'Redakteurin'), 
 (6205, 'Altistin'), 
 (2811, 'Schauspielerin'), 
 (5290, 'Aufnahmeleiter'), 
 (2842, 'Sozialwissenschaftlerin'), 
 (2349, 'Richter'), 
 (2448, 'Justizbeamter'), 
 (2027, 'Pfarrer'), 
 (2149, 'Sa?nger'), 
 (2550, 'Kunsthistorikerin'), 
 (2031, 'Lehrer'), 
 (2590, 'Ornithologe'), 
 (2093, 'Politiker'), 
 (3809, 'Ingenieurin'), 
 (6787, 'Pantomime'), 
 (4588, 'Zeitungsverleger'), 
 (3777, 'Meteorologin'), 
 (2280, 'A?rztin'), 
 (2763, 'Ta?nzerin'), 
 (2039, 'Ingenieur'), 
 (2067, 'Buchha?ndler'), 
 (3511, 'Grafikdesignerin'), 
 (2081, 'Verleger'), 
 (2070, 'Chemiker'), 
 (2368, 'Konrektor'), 
 (24278, 'Geistlicher, ev.'), 
 (2107, 'Bibliothekar'), 
 (2369, 'Ku?nstlerin'), 
 (2086, 'Architekt'), 
 (2555, 'Biochemiker');
Insert into integrated.occupation(id, label) values 
 (2420, 'Patriziat'), 
 (2493, 'Fotograf'), 
 (2043, 'Pa?dagoge'), 
 (2852, 'Drehbuchautor'), 
 (2035, 'Apotheker'), 
 (2788, 'Kinderarzt'), 
 (2142, 'Schauspieler'), 
 (2116, 'Wirtschaftswissenschaftler'), 
 (2059, 'Schriftstellerin'), 
 (3123, 'Papiermacher'), 
 (2214, 'Geoda?t'), 
 (4218, 'Assistenzarzt'), 
 (2445, 'Bildhauer'), 
 (2638, 'Regisseur'), 
 (2189, 'Schulleiter');
Insert into integrated.university(uri, name) values 
 ('http://dbpedia.org/resource/Leipzig_University', 'Leipzig University');
Insert into integrated.party(id, uri, name) values 
 (137, 'http://dbpedia.org/resource/Christian_Democratic_Union_of_Germany', 'Christlich Demokratische Union Deutschlands'), 
 (9, null, 'CDU/CSU');
Insert into integrated.person(id, first_name, last_name, gender, email, url, twitter, degree, education, dbpedia_uri, wikidata_id, nyt_id, associated_articles_count, nyt_definition) values 
 (15819, 'Garlieb', 'Merkel', 'm', null, null, null, null, null, null, null, null, null, null), 
 (24143, 'Dr. Angela', 'Merkel', 'f', null, 'http://www.bundestag.de/bundestag/abgeordnete18/biografien/M/merkel_angela/258788', null, null, null, null, null, null, null, null), 
 (122770, 'Angela', 'Merkel', null, null, null, null, null, null, 'http://dbpedia.org/resource/Angela_Merkel', null, null, null, null), 
 (131913, 'Dankegott Immanuel', 'Merkel', 'm', null, null, null, null, null, null, null, null, null, null), 
 (131914, 'Rudolph', 'Merkel', 'm', null, null, null, null, null, null, null, null, null, null), 
 (137994, 'Johannes', 'Merkel', 'm', null, null, null, null, null, null, null, null, null, null), 
 (139690, 'Paul Johannes', 'Merkel', 'm', null, null, null, null, null, null, null, null, null, null), 
 (141949, 'Rudolf', 'Merkel', 'm', null, null, null, null, null, null, null, null, null, null), 
 (167302, 'Gottlieb', 'Merkel', 'm', null, null, null, null, null, null, null, null, null, null), 
 (168635, 'Friedrich Gottlieb', 'Merkel', null, null, null, null, null, null, null, null, null, null, null), 
 (172821, 'Georg Nikolaus', 'Merkel', null, null, null, null, null, null, null, null, null, null, null), 
 (175936, 'Carl Ludwig', 'Merkel', 'm', null, null, null, null, null, null, null, null, null, null), 
 (192477, 'Bernd', 'Merkel', 'm', null, null, null, null, null, null, null, null, null, null), 
 (202940, 'Gottlieb', 'Merkel', 'm', null, null, null, null, null, null, null, null, null, null), 
 (209663, 'Ina', 'Merkel', 'f', null, null, null, null, null, null, null, null, null, null), 
 (218067, 'Wilma', 'Merkel', 'f', null, null, null, null, null, null, null, null, null, null), 
 (247951, 'Annette', 'Merkel', null, null, null, null, null, null, null, null, null, null, null), 
 (338915, 'Heinrich', 'Merkel', 'm', null, null, null, null, null, null, null, null, null, null), 
 (338917, 'Carlo Antonio', 'Merkel', 'm', null, null, null, null, null, null, null, null, null, null), 
 (338920, 'David', 'Merkel', 'm', null, null, null, null, null, null, null, null, null, null), 
 (338921, 'Eduard', 'Merkel', 'm', null, null, null, null, null, null, null, null, null, null), 
 (338923, 'Ernst', 'Merkel', 'm', null, null, null, null, null, null, null, null, null, null), 
 (338925, 'Felicitas', 'Merkel', 'f', null, null, null, null, null, null, null, null, null, null), 
 (338927, 'Franz Rudolf', 'Merkel', 'm', null, null, null, null, null, null, null, null, null, null), 
 (338930, 'Friedrich Siegmund', 'Merkel', 'm', null, null, null, null, null, null, null, null, null, null), 
 (338941, 'Georg Julius', 'Merkel', 'm', null, null, null, null, null, null, null, null, null, null), 
 (338943, 'Georg', 'Merkel', 'm', null, null, null, null, null, null, null, null, null, null), 
 (338944, 'Georg Franz', 'Merkel', 'm', null, null, null, null, null, null, null, null, null, null), 
 (338947, 'Gottlieb ?von?', 'Merkel', 'm', null, null, null, null, null, null, null, null, null, null), 
 (338951, 'Hans W...', 'Merkel', 'm', null, null, null, null, null, null, null, null, null, null), 
 (338953, 'Helene', 'Merkel', 'f', null, null, null, null, null, null, null, null, null, null), 
 (338956, 'Hermann', 'Merkel', 'm', null, null, null, null, null, null, null, null, null, null), 
 (338958, 'Ignaz', 'Merkel', 'm', null, null, null, null, null, null, null, null, null, null), 
 (338960, 'Johann', 'Merkel', 'm', null, null, null, null, null, null, null, null, null, null), 
 (338964, 'Johann', 'Merkel', 'm', null, null, null, null, null, null, null, null, null, null), 
 (338972, 'Josef', 'Merkel', 'm', null, null, null, null, null, null, null, null, null, null), 
 (338974, 'Julius', 'Merkel', 'm', null, null, null, null, null, null, null, null, null, null), 
 (338978, 'Carl', 'Merkel', 'm', null, null, null, null, null, null, null, null, null, null), 
 (338980, 'Carl Christoph', 'Merkel', 'm', null, null, null, null, null, null, null, null, null, null), 
 (338985, 'Otto Julius', 'Merkel', 'm', null, null, null, null, null, null, null, null, null, null), 
 (338989, 'Paul', 'Merkel', 'm', null, null, null, null, null, null, null, null, null, null), 
 (338990, 'Paul', 'Merkel', 'm', null, null, null, null, null, null, null, null, null, null), 
 (338992, 'Paul Gottlieb', 'Merkel', 'm', null, null, null, null, null, null, null, null, null, null), 
 (339003, 'Sophie', 'Merkel', 'f', null, null, null, null, null, null, null, null, null, null), 
 (339007, 'Sophie', 'Merkel', 'f', null, null, null, null, null, null, null, null, null, null), 
 (339844, 'Trudel', 'Merkel', 'f', null, null, null, null, null, null, null, null, null, null), 
 (339845, 'Willy', 'Merkel', 'm', null, null, null, null, null, null, null, null, null, null), 
 (339846, 'Wolfgang', 'Merkel', 'm', null, null, null, null, null, null, null, null, null, null), 
 (340115, 'Johannes', 'Merkel', 'm', null, null, null, null, null, null, null, null, null, null), 
 (340149, 'Paul', 'Merkel', 'm', null, null, null, null, null, null, null, null, null, null);
Insert into integrated.person(id, first_name, last_name, gender, email, url, twitter, degree, education, dbpedia_uri, wikidata_id, nyt_id, associated_articles_count, nyt_definition) values 
 (396488, 'Paul', 'Merkel', 'm', null, null, null, null, null, null, null, null, null, null), 
 (407395, 'Alvine', 'Merkel', 'f', null, null, null, null, null, null, null, null, null, null), 
 (411960, 'Karl', 'Merkel', 'm', null, null, null, null, null, null, null, null, null, null), 
 (412195, 'Anna', 'Merkel', 'f', null, null, null, null, null, null, null, null, null, null), 
 (414921, 'Beatrice', 'Merkel', null, null, null, null, null, null, null, null, null, null, null), 
 (421282, 'Matthias', 'Merkel', null, null, null, null, null, null, null, null, null, null, null), 
 (423523, 'Ju?rgen', 'Merkel', null, null, null, null, null, null, null, null, null, null, null), 
 (433971, 'Adolf', 'Merkel', 'm', null, null, null, null, null, null, null, null, null, null), 
 (433972, 'Carl', 'Merkel', 'm', null, null, null, null, null, null, null, null, null, null), 
 (433973, 'Garlieb Helwig', 'Merkel', 'm', null, null, null, null, null, null, null, null, null, null), 
 (433974, 'Max', 'Merkel', 'm', null, null, null, null, null, null, null, null, null, null), 
 (462522, 'Johann', 'Merkel', null, null, null, null, null, null, null, null, null, null, null), 
 (481896, 'Paul Wolfgang', 'Merkel', null, null, null, null, null, null, null, null, null, null, null), 
 (490486, 'Gustav', 'Merkel', 'm', null, null, null, null, null, null, null, null, null, null), 
 (492248, 'Konrad', 'Merkel', 'm', null, null, null, null, null, null, null, null, null, null), 
 (515750, 'August Fu?rchtegott', 'Merkel', null, null, null, null, null, null, null, null, null, null, null), 
 (528292, 'Klaus', 'Merkel', null, null, null, null, null, null, null, null, null, null, null), 
 (529864, 'Angela', 'Merkel', 'f', null, null, null, null, null, null, null, null, null, null), 
 (537785, 'Eva-Maria', 'Merkel', null, null, null, null, null, null, null, null, null, null, null), 
 (537790, 'Eva Maria', 'Merkel', null, null, null, null, null, null, null, null, null, null, null), 
 (557764, 'Thomas', 'Merkel', null, null, null, null, null, null, null, null, null, null, null), 
 (567394, 'Klaus', 'Merkel', null, null, null, null, null, null, null, null, null, null, null), 
 (585275, 'Wolfgang', 'Merkel', 'm', null, null, null, null, null, null, null, null, null, null), 
 (588071, 'Albrecht Ernst Emil', 'Merkel', null, null, null, null, null, null, null, null, null, null, null), 
 (588353, 'Daniel', 'Merkel', null, null, null, null, null, null, null, null, null, null, null), 
 (590566, 'Udo', 'Merkel', 'm', null, null, null, null, null, null, null, null, null, null), 
 (608987, 'Hansi-Christiane', 'Merkel', null, null, null, null, null, null, null, null, null, null, null), 
 (611270, 'Tobias', 'Merkel', null, null, null, null, null, null, null, null, null, null, null), 
 (648433, 'Florian', 'Merkel', 'm', null, null, null, null, null, null, null, null, null, null), 
 (659151, 'Salomon Tobias', 'Merkel', null, null, null, null, null, null, null, null, null, null, null), 
 (663809, 'Dietrich', 'Merkel', null, null, null, null, null, null, null, null, null, null, null), 
 (664748, 'Friedrich', 'Merkel', null, null, null, null, null, null, null, null, null, null, null), 
 (669766, 'Matthias Johannes', 'Merkel', null, null, null, null, null, null, null, null, null, null, null), 
 (687369, 'Franz', 'Merkel', null, null, null, null, null, null, null, null, null, null, null), 
 (696249, 'Dagmar', 'Merkel', null, null, null, null, null, null, null, null, null, null, null), 
 (699211, 'Anke', 'Merkel', null, null, null, null, null, null, null, null, null, null, null), 
 (721018, 'Felix', 'Merkel', 'm', null, null, null, null, null, null, null, null, null, null), 
 (735685, 'Georg', 'Merkel', null, null, null, null, null, null, null, null, null, null, null), 
 (743228, 'Wolfgang', 'Merkel', null, null, null, null, null, null, null, null, null, null, null), 
 (745452, 'Andreas', 'Merkel', 'm', null, null, null, null, null, null, null, null, null, null), 
 (750412, 'Rainer', 'Merkel', 'm', null, null, null, null, null, null, null, null, null, null), 
 (755066, 'Ulrike', 'Merkel', null, null, null, null, null, null, null, null, null, null, null), 
 (781016, 'Andreas Franz', 'Merkel', null, null, null, null, null, null, null, null, null, null, null), 
 (787431, 'Anneliese', 'Merkel', 'f', null, null, null, null, null, null, null, null, null, null), 
 (793583, 'Christin', 'Merkel', null, null, null, null, null, null, null, null, null, null, null), 
 (815530, 'Hermann', 'Merkel', 'm', null, null, null, null, null, null, null, null, null, null), 
 (826635, 'Salomon Friedrich', 'Merkel', 'm', null, null, null, null, null, null, null, null, null, null), 
 (833541, 'Inge', 'Merkel', null, null, null, null, null, null, null, null, null, null, null), 
 (873583, 'Melitta', 'Merkel', null, null, null, null, null, null, null, null, null, null, null), 
 (873584, 'Paula', 'Merkel', null, null, null, null, null, null, null, null, null, null, null);
Insert into integrated.person(id, first_name, last_name, gender, email, url, twitter, degree, education, dbpedia_uri, wikidata_id, nyt_id, associated_articles_count, nyt_definition) values 
 (883812, 'Elke', 'Merkel', null, null, null, null, null, null, null, null, null, null, null), 
 (915837, 'Stella', 'Merkel', null, null, null, null, null, null, null, null, null, null, null), 
 (922006, 'Ulrike', 'Merkel', null, null, null, null, null, null, null, null, null, null, null), 
 (953978, 'Christian', 'Merkel', null, null, null, null, null, null, null, null, null, null, null), 
 (958458, 'Michael', 'Merkel', null, null, null, null, null, null, null, null, null, null, null), 
 (973649, 'Gabriele', 'Merkel', null, null, null, null, null, null, null, null, null, null, null), 
 (1013918, 'Gunter', 'Merkel', null, null, null, null, null, null, null, null, null, null, null), 
 (1018891, 'Rudolf', 'Merkel', null, null, null, null, null, null, null, null, null, null, null), 
 (1018896, 'Hermann', 'Merkel', 'm', null, null, null, null, null, null, null, null, null, null), 
 (1042319, 'Ute', 'Merkel', null, null, null, null, null, null, null, null, null, null, null), 
 (1126623, 'Hannelore', 'Merkel', null, null, null, null, null, null, null, null, null, null, null), 
 (1146893, 'Christian', 'Merkel', null, null, null, null, null, null, null, null, null, null, null), 
 (1156519, 'Daniel', 'Merkel', null, null, null, null, null, null, null, null, null, null, null), 
 (1193309, 'Oliver', 'Merkel', null, null, null, null, null, null, null, null, null, null, null), 
 (1194556, 'Patrick', 'Merkel', null, null, null, null, null, null, null, null, null, null, null), 
 (1204073, 'Daniel', 'Merkel', null, null, null, null, null, null, null, null, null, null, null), 
 (1218555, 'Richard', 'Merkel', null, null, null, null, null, null, null, null, null, null, null), 
 (1227818, 'Oliver', 'Merkel', null, null, null, null, null, null, null, null, null, null, null), 
 (1231616, 'Anton Robert', 'Merkel', null, null, null, null, null, null, null, null, null, null, null), 
 (1231624, 'Oskar', 'Merkel', null, null, null, null, null, null, null, null, null, null, null), 
 (1236442, 'Wolfgang', 'Merkel', null, null, null, null, null, null, null, null, null, null, null), 
 (1245725, 'Grischa', 'Merkel', 'f', null, null, null, null, null, null, null, null, null, null), 
 (1248375, 'Andreas', 'Merkel', 'm', null, null, null, null, null, null, null, null, null, null), 
 (1274824, 'Peter', 'Merkel', null, null, null, null, null, null, null, null, null, null, null), 
 (1301802, 'Nick', 'Merkel', null, null, null, null, null, null, null, null, null, null, null), 
 (1304126, 'Reinhard', 'Merkel', 'm', null, null, null, null, null, null, null, null, null, null), 
 (1350441, 'Richard', 'Merkel', null, null, null, null, null, null, null, null, null, null, null), 
 (1364832, 'Clemens', 'Merkel', 'm', null, null, null, null, null, null, null, null, null, null), 
 (1365169, 'Artur', 'Merkel', null, null, null, null, null, null, null, null, null, null, null), 
 (1366748, 'Jean-Paul', 'Merkel', 'm', null, null, null, null, null, null, null, null, null, null), 
 (1380997, 'Hellmuth', 'Merkel', 'm', null, null, null, null, null, null, null, null, null, null), 
 (1411576, 'Friedrich', 'Merkel', null, null, null, null, null, null, null, null, null, null, null), 
 (1413004, 'Ettore', 'Merkel', null, null, null, null, null, null, null, null, null, null, null), 
 (1413814, 'Nico', 'Merkel', null, null, null, null, null, null, null, null, null, null, null), 
 (1434697, 'Andreas', 'Merkel', null, null, null, null, null, null, null, null, null, null, null), 
 (1462988, 'Paul ?von?', 'Merkel', 'm', null, null, null, null, null, null, null, null, null, null), 
 (1467299, 'Hans', 'Merkel', null, null, null, null, null, null, null, null, null, null, null), 
 (1477362, 'Dan', 'Merkel', null, null, null, null, null, null, null, null, null, null, null), 
 (1492627, 'Philipp', 'Merkel', null, null, null, null, null, null, null, null, null, null, null), 
 (1492641, 'Lars', 'Merkel', 'm', null, null, null, null, null, null, null, null, null, null), 
 (1497073, 'Ulrike', 'Merkel', null, null, null, null, null, null, null, null, null, null, null), 
 (1502443, 'Adolf', 'Merkel', 'm', null, null, null, null, null, null, null, null, null, null), 
 (1502445, 'Andreas', 'Merkel', 'm', null, null, null, null, null, null, null, null, null, null), 
 (1502446, 'Christoph Clemens', 'Merkel', 'm', null, null, null, null, null, null, null, null, null, null), 
 (1502447, 'Daniel', 'Merkel', 'm', null, null, null, null, null, null, null, null, null, null), 
 (1502449, 'Ernst', 'Merkel', 'm', null, null, null, null, null, null, null, null, null, null), 
 (1502452, 'Friedrich', 'Merkel', 'm', null, null, null, null, null, null, null, null, null, null), 
 (1502454, 'Georg Franz', 'Merkel', 'm', null, null, null, null, null, null, null, null, null, null), 
 (1502459, 'Heinrich', 'Merkel', 'm', null, null, null, null, null, null, null, null, null, null), 
 (1502463, 'Hugo', 'Merkel', 'm', null, null, null, null, null, null, null, null, null, null);
Insert into integrated.person(id, first_name, last_name, gender, email, url, twitter, degree, education, dbpedia_uri, wikidata_id, nyt_id, associated_articles_count, nyt_definition) values 
 (1502465, 'Johann Ludwig', 'Merkel', 'm', null, null, null, null, null, null, null, null, null, null), 
 (1502469, 'Johannes', 'Merkel', 'm', null, null, null, null, null, null, null, null, null, null), 
 (1502471, 'Johannes', 'Merkel', 'm', null, null, null, null, null, null, null, null, null, null), 
 (1502473, 'Caspar Gottlieb', 'Merkel', 'm', null, null, null, null, null, null, null, null, null, null), 
 (1502476, 'Sigmund', 'Merkel', 'm', null, null, null, null, null, null, null, null, null, null), 
 (1524382, 'Dieter', 'Merkel', null, null, null, null, null, null, null, null, null, null, null), 
 (1525252, 'Sascha', 'Merkel', null, null, null, null, null, null, null, null, null, null, null), 
 (1532403, 'H.', 'Merkel', 'm', null, null, null, null, null, null, null, null, null, null), 
 (1534758, 'Anke', 'Merkel', null, null, null, null, null, null, null, null, null, null, null), 
 (1548765, 'Rainer', 'Merkel', 'm', null, null, null, null, null, null, null, null, null, null), 
 (1559640, 'Ulrich Richard', 'Merkel', null, null, null, null, null, null, null, null, null, null, null), 
 (1560619, 'Jesko Friedrich', 'Merkel', null, null, null, null, null, null, null, null, null, null, null), 
 (1581568, 'Gu?nter B.', 'Merkel', null, null, null, null, null, null, null, null, null, null, null), 
 (1582381, 'Michael', 'Merkel', 'm', null, null, null, null, null, null, null, null, null, null), 
 (1588114, 'Johannes', 'Merkel', null, null, null, null, null, null, null, null, null, null, null), 
 (1599317, 'Hans', 'Merkel', null, null, null, null, null, null, null, null, null, null, null), 
 (1606039, 'Anja', 'Merkel', null, null, null, null, null, null, null, null, null, null, null), 
 (1608035, 'Jan', 'Merkel', null, null, null, null, null, null, null, null, null, null, null), 
 (1608994, 'Karin Melanie', 'Merkel', null, null, null, null, null, null, null, null, null, null, null), 
 (1613093, 'Casjen', 'Merkel', null, null, null, null, null, null, null, null, null, null, null), 
 (1613622, 'Olivia Monika', 'Merkel', null, null, null, null, null, null, null, null, null, null, null), 
 (1641387, 'Linda-Maria', 'Merkel', 'f', null, null, null, null, null, null, null, null, null, null), 
 (1641437, 'Aemilius Ludwig Friedrich', 'Merkel', null, null, null, null, null, null, null, null, null, null, null), 
 (1641598, 'Beate', 'Merkel', null, null, null, null, null, null, null, null, null, null, null), 
 (1641621, 'Wolfgang', 'Merkel', null, null, null, null, null, null, null, null, null, null, null), 
 (1641635, 'Rainer', 'Merkel', null, null, null, null, null, null, null, null, null, null, null), 
 (1641647, 'Peter', 'Merkel', null, null, null, null, null, null, null, null, null, null, null), 
 (1676683, 'Elisa', 'Merkel', null, null, null, null, null, null, null, null, null, null, null), 
 (1681954, 'Michael', 'Merkel', null, null, null, null, null, null, null, null, null, null, null), 
 (1696171, 'Andreas', 'Merkel', null, null, null, null, null, null, null, null, null, null, null), 
 (1696178, 'Rudolf', 'Merkel', null, null, null, null, null, null, null, null, null, null, null), 
 (1698249, 'Annette', 'Merkel', null, null, null, null, null, null, null, null, null, null, null), 
 (1715922, 'Klaus', 'Merkel', 'm', null, null, null, null, null, null, null, null, null, null), 
 (1722354, 'Wolfgang Andreas', 'Merkel', null, null, null, null, null, null, null, null, null, null, null), 
 (1722722, 'William G.', 'Merkel', null, null, null, null, null, null, null, null, null, null, null), 
 (1746096, 'Johann Baptist', 'Merkel', null, null, null, null, null, null, null, null, null, null, null), 
 (1746588, 'Saskia Christa Agnes', 'Merkel', null, null, null, null, null, null, null, null, null, null, null), 
 (1780582, 'Ernst', 'Merkel', null, null, null, null, null, null, null, null, null, null, null), 
 (1782420, 'Kurt', 'Merkel', null, null, null, null, null, null, null, null, null, null, null), 
 (1784872, 'Reiner', 'Merkel', null, null, null, null, null, null, null, null, null, null, null), 
 (1786879, 'Christian', 'Merkel', null, null, null, null, null, null, null, null, null, null, null), 
 (1788780, 'Thomas', 'Merkel', null, null, null, null, null, null, null, null, null, null, null), 
 (1802395, 'Marcel', 'Merkel', null, null, null, null, null, null, null, null, null, null, null), 
 (1817044, 'Eugen', 'Merkel', 'm', null, null, null, null, null, null, null, null, null, null), 
 (1817713, 'Johann Nepomuk', 'Merkel', null, null, null, null, null, null, null, null, null, null, null), 
 (1818702, 'Eugen', 'Merkel', null, null, null, null, null, null, null, null, null, null, null), 
 (1819219, 'Gerhard', 'Merkel', null, null, null, null, null, null, null, null, null, null, null), 
 (1819803, 'Gottlieb', 'Merkel', null, null, null, null, null, null, null, null, null, null, null), 
 (1820005, 'Heinrich G.', 'Merkel', 'm', null, null, null, null, null, null, null, null, null, null), 
 (1821961, 'Christina', 'Merkel', null, null, null, null, null, null, null, null, null, null, null);
Insert into integrated.person(id, first_name, last_name, gender, email, url, twitter, degree, education, dbpedia_uri, wikidata_id, nyt_id, associated_articles_count, nyt_definition) values 
 (1823152, 'Katrin Maria', 'Merkel', null, null, null, null, null, null, null, null, null, null, null), 
 (1825576, 'Gottlieb', 'Merkel', 'm', null, null, null, null, null, null, null, null, null, null), 
 (1828121, 'Sebastian', 'Merkel', null, null, null, null, null, null, null, null, null, null, null), 
 (1842281, 'Thomas', 'Merkel', null, null, null, null, null, null, null, null, null, null, null), 
 (1861613, 'Dorothee', 'Merkel', 'f', null, null, null, null, null, null, null, null, null, null), 
 (1863667, 'Markus Dominic', 'Merkel', null, null, null, null, null, null, null, null, null, null, null), 
 (1864354, 'Philipp', 'Merkel', null, null, null, null, null, null, null, null, null, null, null), 
 (1870526, 'Uwe', 'Merkel', 'm', null, null, null, null, null, null, null, null, null, null), 
 (1891497, 'Konrad', 'Merkel', null, null, null, null, null, null, null, null, null, null, null), 
 (1894565, 'Gerhard', 'Merkel', 'm', null, null, null, null, null, null, null, null, null, null), 
 (1896466, 'Muriel E.', 'Merkel', null, null, null, null, null, null, null, null, null, null, null), 
 (1902001, 'Marion', 'Merkel', null, null, null, null, null, null, null, null, null, null, null), 
 (1963917, 'Helmut', 'Merkel', null, null, null, null, null, null, null, null, null, null, null), 
 (1970773, 'P.', 'Merkel', null, null, null, null, null, null, null, null, null, null, null), 
 (1977118, 'Andreas', 'Merkel', null, null, null, null, null, null, null, null, null, null, null), 
 (1979089, 'Fritz', 'Merkel', null, null, null, null, null, null, null, null, null, null, null), 
 (1996557, 'Ernst', 'Merkel', null, null, null, null, null, null, null, null, null, null, null), 
 (2055735, 'Broder', 'Merkel', 'm', null, null, null, null, null, null, null, null, null, null), 
 (2055736, 'Kerstin', 'Merkel', 'f', null, null, null, null, null, null, null, null, null, null), 
 (2055917, 'Eduard', 'Merkel', null, null, null, null, null, null, null, null, null, null, null), 
 (2063554, 'Ernst Christoph', 'Merkel', null, null, null, null, null, null, null, null, null, null, null), 
 (2074758, 'Jayne', 'Merkel', 'f', null, null, null, null, null, null, null, null, null, null), 
 (2076061, 'Hermann', 'Merkel', 'm', null, null, null, null, null, null, null, null, null, null), 
 (2076293, 'Lisa', 'Merkel', 'f', null, null, null, null, null, null, null, null, null, null), 
 (2084495, 'Matthias', 'Merkel', 'm', null, null, null, null, null, null, null, null, null, null), 
 (2097705, 'Angela', 'Merkel', null, null, null, null, null, null, null, null, null, null, null), 
 (2098124, 'Friedemann', 'Merkel', 'm', null, null, null, null, null, null, null, null, null, null), 
 (2109798, 'Daniel', 'Merkel', null, null, null, null, null, null, null, null, null, null, null), 
 (2125069, 'Johannes', 'Merkel', null, null, null, null, null, null, null, null, null, null, null), 
 (2130570, 'Una', 'Merkel', 'f', null, null, null, null, null, null, null, null, null, null), 
 (2135749, 'Johann Thomas', 'Merkel', null, null, null, null, null, null, null, null, null, null, null), 
 (2135752, 'Anton Michael', 'Merkel', null, null, null, null, null, null, null, null, null, null, null), 
 (2144256, 'Steffen', 'Merkel', null, null, null, null, null, null, null, null, null, null, null), 
 (2167683, 'Daniela Rebecca', 'Merkel', null, null, null, null, null, null, null, null, null, null, null), 
 (2171299, 'Florian', 'Merkel', null, null, null, null, null, null, null, null, null, null, null), 
 (2174257, 'Martin', 'Merkel', 'm', null, null, null, null, null, null, null, null, null, null), 
 (2203144, 'Daniela', 'Merkel', null, null, null, null, null, null, null, null, null, null, null), 
 (2203652, 'Henrike', 'Merkel', null, null, null, null, null, null, null, null, null, null, null), 
 (2206509, 'Timotheus', 'Merkel', 'm', null, null, null, null, null, null, null, null, null, null), 
 (2215821, 'Matilda', 'Merkel', null, null, null, null, null, null, null, null, null, null, null), 
 (2221310, 'David Christoph', 'Merkel', 'm', null, null, null, null, null, null, null, null, null, null), 
 (2227434, 'Johannes Matthias', 'Merkel', 'm', null, null, null, null, null, null, null, null, null, null), 
 (2236217, 'Carla Jennifer', 'Merkel', 'f', null, null, null, null, null, null, null, null, null, null), 
 (2252971, 'Emmy', 'Merkel', 'f', null, null, null, null, null, null, null, null, null, null), 
 (2265329, 'Rainer', 'Merkel', 'm', null, null, null, null, null, null, null, null, null, null), 
 (2283207, 'Ulrike Hannah', 'Merkel', 'f', null, null, null, null, null, null, null, null, null, null), 
 (2327122, 'Martin', 'Merkel', 'm', null, null, null, null, null, null, null, null, null, null), 
 (2330004, 'Edwin W.', 'Merkel', 'm', null, null, null, null, null, null, null, null, null, null), 
 (2331033, 'Philipp', 'Merkel', null, null, null, null, null, null, null, null, null, null, null), 
 (2332570, 'Ralf', 'Merkel', 'm', null, null, null, null, null, null, null, null, null, null);
Insert into integrated.person(id, first_name, last_name, gender, email, url, twitter, degree, education, dbpedia_uri, wikidata_id, nyt_id, associated_articles_count, nyt_definition) values 
 (2347403, 'Christian', 'Merkel', null, null, null, null, null, null, null, null, null, null, null), 
 (2369668, 'Joseph', 'Merkel', 'm', null, null, null, null, null, null, null, null, null, null), 
 (2375718, 'Johann Friedrich', 'Merkel', 'm', null, null, null, null, null, null, null, null, null, null), 
 (2380436, 'Gundolf', 'Merkel', 'm', null, null, null, null, null, null, null, null, null, null), 
 (2395832, 'Hans Georg', 'Merkel', 'm', null, null, null, null, null, null, null, null, null, null), 
 (2418046, 'Richard', 'Merkel', 'm', null, null, null, null, null, null, null, null, null, null), 
 (2428534, 'Simone', 'Merkel', 'f', null, null, null, null, null, null, null, null, null, null), 
 (2435945, 'Gu?nter', 'Merkel', null, null, null, null, null, null, null, null, null, null, null), 
 (2435946, 'Gu?nter', 'Merkel', null, null, null, null, null, null, null, null, null, null, null), 
 (2437837, 'Helmut', 'Merkel', null, null, null, null, null, null, null, null, null, null, null), 
 (2443764, 'Joh. Friedr.', 'Merkel', 'm', null, null, null, null, null, null, null, null, null, null), 
 (2443776, 'Friedrich', 'Merkel', 'm', null, null, null, null, null, null, null, null, null, null), 
 (2448321, 'Stefan', 'Merkel', 'm', null, null, null, null, null, null, null, null, null, null), 
 (2461947, 'Mahlchen', 'Merkel', 'f', null, null, null, null, null, null, null, null, null, null), 
 (2463940, 'Georg', 'Merkel', 'm', null, null, null, null, null, null, null, null, null, null), 
 (2485333, 'Karl', 'Merkel', 'm', null, null, null, null, null, null, null, null, null, null), 
 (2489820, 'Sebastian', 'Merkel', 'm', null, null, null, null, null, null, null, null, null, null), 
 (2498418, 'Karola', 'Merkel', 'f', null, null, null, null, null, null, null, null, null, null), 
 (2514034, 'Julius', 'Merkel', 'm', null, null, null, null, null, null, null, null, null, null), 
 (2514675, 'Marcus', 'Merkel', 'm', null, null, null, null, null, null, null, null, null, null), 
 (2529711, 'Karl Richard', 'Merkel', 'm', null, null, null, null, null, null, null, null, null, null), 
 (2536419, 'Philipp M.', 'Merkel', null, null, null, null, null, null, null, null, null, null, null), 
 (2573292, 'Janet', 'Merkel', 'f', null, null, null, null, null, null, null, null, null, null), 
 (2585063, 'Viktor', 'Merkel', 'm', null, null, null, null, null, null, null, null, null, null), 
 (2588614, 'Peter', 'Merkel', 'm', null, null, null, null, null, null, null, null, null, null), 
 (2590993, 'Franz', 'Merkel', 'm', null, null, null, null, null, null, null, null, null, null), 
 (2595041, 'Christina', 'Merkel', 'f', null, null, null, null, null, null, null, null, null, null), 
 (2614317, 'Sabrina', 'Merkel', null, null, null, null, null, null, null, null, null, null, null), 
 (2615604, 'Petra', 'Merkel', null, null, null, null, null, null, null, null, null, null, null), 
 (2629360, 'Ute', 'Merkel', 'f', null, null, null, null, null, null, null, null, null, null), 
 (2654420, 'Marcel', 'Merkel', 'm', null, null, null, null, null, null, null, null, null, null), 
 (2655830, 'Ronny', 'Merkel', 'm', null, null, null, null, null, null, null, null, null, null), 
 (2656966, 'Ursula', 'Merkel', null, null, null, null, null, null, null, null, null, null, null), 
 (2662715, 'Christine', 'Merkel', null, null, null, null, null, null, null, null, null, null, null), 
 (2668458, 'Nicole', 'Merkel', 'f', null, null, null, null, null, null, null, null, null, null), 
 (2669672, 'Klaus', 'Merkel', null, null, null, null, null, null, null, null, null, null, null), 
 (2670732, 'Sarah Christine', 'Merkel', 'f', null, null, null, null, null, null, null, null, null, null), 
 (2671624, 'Julia ?von?', 'Merkel', null, null, null, null, null, null, null, null, null, null, null), 
 (2674549, 'Thomas', 'Merkel', null, null, null, null, null, null, null, null, null, null, null), 
 (2729485, 'Andreas', 'Merkel', null, null, null, null, null, null, null, null, null, null, null), 
 (2731971, 'Friedrich Wilhelm', 'Merkel', 'm', null, null, null, null, null, null, null, null, null, null), 
 (2740118, 'Emil', 'Merkel', 'm', null, null, null, null, null, null, null, null, null, null), 
 (2741790, 'Andreas Sebastian', 'Merkel', 'm', null, null, null, null, null, null, null, null, null, null), 
 (2754022, 'Mirjam Christine', 'Merkel', 'f', null, null, null, null, null, null, null, null, null, null), 
 (2773906, 'Matthias', 'Merkel', null, null, null, null, null, null, null, null, null, null, null), 
 (2800173, 'Helmut', 'Merkel', 'm', null, null, null, null, null, null, null, null, null, null), 
 (2802559, 'Markus', 'Merkel', 'm', null, null, null, null, null, null, null, null, null, null), 
 (2809503, 'Stu', 'Merkel', null, null, null, null, null, null, null, null, null, null, null), 
 (2836495, 'Stephen', 'Merkel', 'm', null, null, null, null, null, null, null, null, null, null), 
 (2871680, 'Steffen', 'Merkel', 'm', null, null, null, null, null, null, null, null, null, null);
Insert into integrated.person(id, first_name, last_name, gender, email, url, twitter, degree, education, dbpedia_uri, wikidata_id, nyt_id, associated_articles_count, nyt_definition) values 
 (2883602, 'Ole', 'Merkel', 'm', null, null, null, null, null, null, null, null, null, null), 
 (2883618, 'Philipp', 'Merkel', null, null, null, null, null, null, null, null, null, null, null), 
 (2903498, 'Veit', 'Merkel', null, null, null, null, null, null, null, null, null, null, null), 
 (2919894, 'Dorothee', 'Merkel', null, null, null, null, null, null, null, null, null, null, null), 
 (2919895, 'Eugen Georg', 'Merkel', null, null, null, null, null, null, null, null, null, null, null), 
 (2919896, 'Hans Hartwig', 'Merkel', null, null, null, null, null, null, null, null, null, null, null), 
 (2919897, 'Helmuth', 'Merkel', null, null, null, null, null, null, null, null, null, null, null), 
 (2919898, 'Klara', 'Merkel', null, null, null, null, null, null, null, null, null, null, null), 
 (2919899, 'Kla?re', 'Merkel', null, null, null, null, null, null, null, null, null, null, null), 
 (2919900, 'Kurt Hans', 'Merkel', null, null, null, null, null, null, null, null, null, null, null), 
 (2919901, 'Ludwig', 'Merkel', null, null, null, null, null, null, null, null, null, null, null), 
 (2919902, 'Paul-Hermann', 'Merkel', null, null, null, null, null, null, null, null, null, null, null), 
 (2947232, 'Ilse', 'Merkel', null, null, null, null, null, null, null, null, null, null, null), 
 (3013191, 'E.', 'Merkel', null, null, null, null, null, null, null, null, null, null, null), 
 (3013192, 'Ed.', 'Merkel', null, null, null, null, null, null, null, null, null, null, null), 
 (3037775, 'Heinrich Wilhelm Ewald', 'Merkel', null, null, null, null, null, null, null, null, null, null, null), 
 (3081530, 'Erwin', 'Merkel', null, null, null, null, null, null, null, null, null, null, null), 
 (3115389, 'Albert', 'Merkel', null, null, null, null, null, null, null, null, null, null, null), 
 (3127375, 'Helmuth', 'Merkel', null, null, null, null, null, null, null, null, null, null, null), 
 (3136067, 'Eibert Heinrich Gottlieb', 'Merkel', 'm', null, null, null, null, null, null, null, null, null, null), 
 (3150553, '...', 'Merkel', null, null, null, null, null, null, null, null, null, null, null), 
 (3176736, 'Claus Theo', 'Merkel', null, null, null, null, null, null, null, null, null, null, null), 
 (3176737, 'Heinrich', 'Merkel', null, null, null, null, null, null, null, null, null, null, null), 
 (3176738, 'Ursula', 'Merkel', null, null, null, null, null, null, null, null, null, null, null), 
 (3208550, 'Martin', 'Merkel', null, null, null, null, null, null, null, null, null, null, null), 
 (3228087, 'Felicitas', 'Merkel', null, null, null, null, null, null, null, null, null, null, null), 
 (3243222, 'Ivett', 'Merkel', null, null, null, null, null, null, null, null, null, null, null), 
 (3274326, 'Ernst', 'Merkel', null, null, null, null, null, null, null, null, null, null, null), 
 (3282494, 'Dirk', 'Merkel', null, null, null, null, null, null, null, null, null, null, null), 
 (3299428, 'Reinhard', 'Merkel', null, null, null, null, null, null, null, null, null, null, null), 
 (3377065, 'Heinz', 'Merkel', null, null, null, null, null, null, null, null, null, null, null), 
 (3389144, 'Johann', 'Merkel', null, null, null, null, null, null, null, null, null, null, null), 
 (3389145, 'Richard', 'Merkel', null, null, null, null, null, null, null, null, null, null, null), 
 (3396446, 'Julie Ernestine Henriette', 'Merkel', null, null, null, null, null, null, null, null, null, null, null), 
 (3408558, 'Georg Nikolaus', 'Merkel', 'm', null, null, null, null, null, null, null, null, null, null), 
 (3408562, 'Sebastian', 'Merkel', 'm', null, null, null, null, null, null, null, null, null, null), 
 (3428498, 'Carl Otto', 'Merkel', 'm', null, null, null, null, null, null, null, null, null, null), 
 (3428801, 'Emma', 'Merkel', 'f', null, null, null, null, null, null, null, null, null, null), 
 (3428890, '...', 'Merkel', 'm', null, null, null, null, null, null, null, null, null, null), 
 (3428891, 'Karl Theodor Emanuel', 'Merkel', 'm', null, null, null, null, null, null, null, null, null, null), 
 (3428892, 'Johann D. Gottlieb', 'Merkel', 'm', null, null, null, null, null, null, null, null, null, null), 
 (3450973, 'R.', 'Merkel', null, null, null, null, null, null, null, null, null, null, null), 
 (3463998, 'Frl.', 'Merkel', 'f', null, null, null, null, null, null, null, null, null, null), 
 (3466589, 'Ernst Josef', 'Merkel', 'm', null, null, null, null, null, null, null, null, null, null), 
 (3493192, 'O. P.', 'Merkel', null, null, null, null, null, null, null, null, null, null, null), 
 (3493193, 'G.', 'Merkel', null, null, null, null, null, null, null, null, null, null, null), 
 (3505888, '...', 'Merkel', null, null, null, null, null, null, null, null, null, null, null), 
 (3513932, 'Ingrid', 'Merkel', null, null, null, null, null, null, null, null, null, null, null), 
 (3526802, 'A. H.', 'Merkel', null, null, null, null, null, null, null, null, null, null, null), 
 (3526841, 'Andreas Heinrich', 'Merkel', null, null, null, null, null, null, null, null, null, null, null);
Insert into integrated.person(id, first_name, last_name, gender, email, url, twitter, degree, education, dbpedia_uri, wikidata_id, nyt_id, associated_articles_count, nyt_definition) values 
 (3529936, 'C. H. G.', 'Merkel', null, null, null, null, null, null, null, null, null, null, null), 
 (3534949, 'Eugen Friedrich', 'Merkel', null, null, null, null, null, null, null, null, null, null, null), 
 (3538166, 'Joseph', 'Merkel', null, null, null, null, null, null, null, null, null, null, null), 
 (3539365, 'Hans', 'Merkel', null, null, null, null, null, null, null, null, null, null, null), 
 (3548469, 'Carlo', 'Merkel', null, null, null, null, null, null, null, null, null, null, null), 
 (3554304, 'Emil August', 'Merkel', null, null, null, null, null, null, null, null, null, null, null), 
 (3567366, 'Ida ?von?', 'Merkel', null, null, null, null, null, null, null, null, null, null, null), 
 (3567557, 'Bertha', 'Merkel', null, null, null, null, null, null, null, null, null, null, null), 
 (3589411, 'C. G.', 'Merkel', null, null, null, null, null, null, null, null, null, null, null), 
 (3611894, 'Ursula', 'Merkel', null, null, null, null, null, null, null, null, null, null, null), 
 (3641819, 'Johannes', 'Merkel', null, null, null, null, null, null, null, null, null, null, null), 
 (3702514, 'Klaus', 'Merkel', null, null, null, null, null, null, null, null, null, null, null), 
 (3765471, 'Kristina', 'Merkel', 'f', null, null, null, null, null, null, null, null, null, null), 
 (3767616, 'William', 'Merkel', 'm', null, null, null, null, null, null, null, null, null, null), 
 (3797851, 'Leo', 'Merkel', 'm', null, null, null, null, null, null, null, null, null, null), 
 (3842728, 'Klaus-Ju?rgen', 'Merkel', 'm', null, null, null, null, null, null, null, null, null, null), 
 (3852593, 'Manfred', 'Merkel', 'm', null, null, null, null, null, null, null, null, null, null), 
 (3852648, 'Gernot', 'Merkel', 'm', null, null, null, null, null, null, null, null, null, null), 
 (3866519, 'Harry', 'Merkel', 'm', null, null, null, null, null, null, null, null, null, null), 
 (3866743, 'Adriano', 'Merkel', 'm', null, null, null, null, null, null, null, null, null, null), 
 (3876644, 'Dieter', 'Merkel', null, null, null, null, null, null, null, null, null, null, null), 
 (3891412, 'J.', 'Merkel', null, null, null, null, null, null, null, null, null, null, null), 
 (3893155, 'Giovanni', 'Merkel', null, null, null, null, null, null, null, null, null, null, null), 
 (3893900, 'Manfred', 'Merkel', null, null, null, null, null, null, null, null, null, null, null), 
 (3900207, 'Georg Nikolaus', 'Merkel', null, null, null, null, null, null, null, null, null, null, null), 
 (3905504, 'Gustav', 'Merkel', 'm', null, null, null, null, null, null, null, null, null, null), 
 (3917397, 'Rudolf', 'Merkel', 'm', null, null, null, null, null, null, null, null, null, null), 
 (2133749, 'Horst', 'Kasner', 'm', null, null, null, null, null, null, null, null, null, null), 
 (1047244, 'Joachim', 'Sauer', 'm', null, null, null, null, null, null, null, null, null, null), 
 (605247, 'Louise', 'Merkel-Rome?e', null, null, null, null, null, null, null, null, null, null, null);
Insert into integrated.country(id, wikidata_id, name) values 
 (2, null, 'Deutschland');
Insert into integrated.person_occupation(person_id, occupation_id) values 
 (2171299, 2116), 
 (2174257, 2118), 
 (2203144, 3511), 
 (2203652, 2549), 
 (2206509, 2189), 
 (2215821, 2811), 
 (2221310, 2023), 
 (2227434, 2116), 
 (2236217, 2280), 
 (2252971, 2947), 
 (2265329, 2024), 
 (2283207, 4071), 
 (2327122, 2023), 
 (2330004, 2039), 
 (2331033, 2167), 
 (2332570, 2078), 
 (2347403, 2023), 
 (2380436, 3285), 
 (2395832, 3123), 
 (2418046, 2027), 
 (2428534, 6979), 
 (2435945, 2349), 
 (2435946, 2025), 
 (2437837, 2028), 
 (2443764, 3123), 
 (2443776, 3123), 
 (2448321, 2070), 
 (2463940, 2074), 
 (2485333, 2023), 
 (2498418, 2924), 
 (2514034, 2268), 
 (2529711, 2230), 
 (2536419, 2109), 
 (2573292, 2842), 
 (2588614, 2031), 
 (2590993, 2142), 
 (2595041, 2858), 
 (2629360, 3777), 
 (2654420, 3207), 
 (2662715, 2280), 
 (2668458, 3768), 
 (2669672, 2025), 
 (2670732, 4071), 
 (2671624, 2280), 
 (2674549, 2039), 
 (2731971, 2590), 
 (2740118, 6787), 
 (2741790, 2023), 
 (2754022, 2633), 
 (2773906, 2109);
Insert into integrated.person_occupation(person_id, occupation_id) values 
 (2802559, 2501), 
 (2809503, 2027), 
 (2836495, 2096), 
 (3136067, 2420), 
 (3208550, 2109), 
 (3282494, 2070), 
 (3299428, 6704), 
 (3389144, 5660), 
 (3389145, 5660), 
 (3408558, 2368), 
 (3408562, 2117), 
 (3428498, 2117), 
 (3428801, 2059), 
 (3428890, 5927), 
 (3428891, 24407), 
 (3428892, 24278), 
 (3463998, 2763), 
 (3466589, 2107), 
 (3513932, 2907), 
 (3765471, 2763), 
 (3767616, 2852), 
 (3797851, 2638), 
 (3842728, 2142), 
 (3852593, 2142), 
 (3852648, 2142), 
 (3866519, 2142), 
 (3866743, 5290), 
 (131914, 2030), 
 (137994, 2025), 
 (139690, 2025), 
 (141949, 2025), 
 (167302, 2742), 
 (168635, 2027), 
 (175936, 2023), 
 (192477, 2099), 
 (218067, 2623), 
 (338915, 2214), 
 (338921, 2026), 
 (338927, 2145), 
 (338930, 2023), 
 (338941, 2093), 
 (338943, 3376), 
 (338947, 2023), 
 (338956, 2023), 
 (338960, 2025), 
 (338964, 2117), 
 (338972, 2026), 
 (338978, 2023), 
 (338980, 5927), 
 (338989, 2558);
Insert into integrated.person_occupation(person_id, occupation_id) values 
 (338992, 2117), 
 (339003, 2549), 
 (339845, 2149), 
 (339846, 2085), 
 (340115, 2023), 
 (396488, 2025), 
 (411960, 2025), 
 (433971, 2025), 
 (433972, 2191), 
 (433973, 2026), 
 (433974, 6864), 
 (462522, 2023), 
 (481896, 2093), 
 (490486, 2118), 
 (492248, 2294), 
 (528292, 2493), 
 (529864, 2573), 
 (557764, 2501), 
 (567394, 2191), 
 (585275, 2390), 
 (588071, 2023), 
 (590566, 2356), 
 (608987, 3171), 
 (648433, 2493), 
 (664748, 2076), 
 (696249, 2941), 
 (699211, 2280), 
 (721018, 2373), 
 (735685, 2085), 
 (745452, 2026), 
 (750412, 2026), 
 (755066, 2280), 
 (787431, 3622), 
 (815530, 2043), 
 (826635, 2025), 
 (833541, 2059), 
 (883812, 2280), 
 (953978, 2025), 
 (973649, 2869), 
 (1013918, 2031), 
 (1018891, 2067), 
 (1018896, 2093), 
 (1047244, 2070), 
 (1146893, 2025), 
 (1156519, 3162), 
 (1194556, 2555), 
 (1204073, 4218), 
 (1218555, 2149), 
 (1231616, 2093), 
 (1231624, 2123);
Insert into integrated.person_occupation(person_id, occupation_id) values 
 (1236442, 2109), 
 (1245725, 2637), 
 (1248375, 2057), 
 (1274824, 2085), 
 (1301802, 2788), 
 (1304126, 2025), 
 (1350441, 2057), 
 (1364832, 2057), 
 (1365169, 2057), 
 (1366748, 2118), 
 (1380997, 2118), 
 (1411576, 2167), 
 (1413004, 2170), 
 (1413814, 2099), 
 (1462988, 2025), 
 (1477362, 14705), 
 (1492627, 2023), 
 (1497073, 2583), 
 (1502443, 2023), 
 (1502445, 2117), 
 (1502446, 2117), 
 (1502447, 2028), 
 (1502449, 2023), 
 (1502452, 2039), 
 (1502454, 2123), 
 (1502459, 2448), 
 (1502463, 2257), 
 (1502465, 2117), 
 (1502469, 2123), 
 (1502471, 2528), 
 (1502473, 2117), 
 (1502476, 2035), 
 (1525252, 2501), 
 (1548765, 2099), 
 (1559640, 2099), 
 (1560619, 2109), 
 (1581568, 2081), 
 (1582381, 2096), 
 (1588114, 2043), 
 (1606039, 2369), 
 (1608035, 2117), 
 (1608994, 4071), 
 (1613093, 2050), 
 (1613622, 3308), 
 (1641387, 2280), 
 (1641598, 2869), 
 (1641635, 3188), 
 (1676683, 2467), 
 (1681954, 2055), 
 (1696178, 2109);
Insert into integrated.person_occupation(person_id, occupation_id) values 
 (1698249, 3809), 
 (1715922, 3342), 
 (1722354, 2025), 
 (1746096, 2025), 
 (1746588, 4071), 
 (1782420, 2025), 
 (1784872, 4898), 
 (1788780, 2023), 
 (1802395, 2275), 
 (1817044, 2107), 
 (1817713, 2025), 
 (1818702, 2123), 
 (1819219, 2086), 
 (1820005, 4588), 
 (1821961, 2869), 
 (1825576, 2023), 
 (1828121, 2070), 
 (1842281, 3026), 
 (1861613, 6205), 
 (1864354, 2275), 
 (1870526, 2039), 
 (1963917, 2390), 
 (2055735, 3659), 
 (2055736, 2550), 
 (2063554, 3751), 
 (2074758, 3607), 
 (2076061, 2445), 
 (2076293, 2369), 
 (2084495, 2025), 
 (2098124, 2024), 
 (2109798, 2023), 
 (2125069, 2118), 
 (2130570, 2142), 
 (2133749, 2028), 
 (2135749, 2093), 
 (2135752, 2093), 
 (2144256, 2057);
Insert into integrated.politician(person_id, aw_uuid, aw_username, aw_picture_url) values 
 (24143, null, null, null), 
 (122770, null, null, null);
Insert into integrated."work"(id, person_id, name) values 
 (118657, 433973, 'Briefe u?ber Hamburg und Lu?beck'), 
 (126306, 433973, '?Die? Letten, vorzu?glich in Liefland, am Ende des philosophischen Jahrhunderts'), 
 (182109, 833541, '?Eine? ganz gewo?hnliche Ehe');
Insert into integrated.almamater(person_id, university) values 
 (122770, 'http://dbpedia.org/resource/Leipzig_University'), 
 (122770, 'http://dbpedia.org/resource/Leipzig_University');
Insert into integrated.place(id, name, latitude, longitude, country_id) values 
 (18897, 'Darmstadt', 'N049.870559', 'E008.649440', null), 
 (18029, 'Aschaffenburg', 'N049.977040', 'E009.152139', null), 
 (19556, 'Freiburg im Breisgau', 'N047.995833', 'E007.852222', null), 
 (22399, 'Nu?rnberg', 'N049.454166', 'E011.775000', null), 
 (19072, 'Dresden', 'N051.050890', 'E013.738319', null), 
 (25050, 'Wien', 'N048.208199', 'E016.371690', null), 
 (21390, 'Los Angeles, Calif.', 'N034.052222', 'W118.243611', null), 
 (21427, 'Lu?neburg', 'N053.250833', 'E010.413888', null), 
 (17959, 'Ansbach', 'N049.304722', 'E010.593055', null), 
 (177501, 'San Miguel de Allende', 'N020.916669', 'W100.750000', null), 
 (18289, 'Berlin', 'N052.500000', 'E013.416669', null), 
 (21229, 'Leipzig', 'N051.339444', 'E012.371111', null), 
 (24292, 'Templin', 'N053.118650', 'E013.502200', null);
Insert into integrated.related_to(person1_id, person2_id, type) values 
 (433971, 141949, 'Vater'), 
 (1502471, 202940, 'Vater'), 
 (338956, 338947, 'Sohn'), 
 (1502471, 338947, 'Sohn'), 
 (338947, 338956, 'Vater'), 
 (1502471, 338956, 'Bruder'), 
 (735685, 338978, 'Vater'), 
 (605247, 338978, 'Mutter'), 
 (141949, 433971, 'Sohn'), 
 (2133749, 529864, 'Vater'), 
 (1047244, 529864, 'Ehemann'), 
 (735685, 605247, 'Ehemann'), 
 (338978, 605247, 'Sohn'), 
 (605247, 735685, 'Ehefrau'), 
 (338978, 735685, 'Sohn'), 
 (529864, 1047244, 'Ehefrau'), 
 (338947, 1502471, 'Vater'), 
 (338956, 1502471, 'Bruder'), 
 (202940, 1502471, 'Sohn'), 
 (529864, 2133749, 'Tochter');
Insert into integrated.author(person_id, fans_count, followers_count, average_rating, ratings_count, goodreads_author) values 
 (15819, 0, 0, 0.0, 0, false);
Insert into integrated.person_party(party_id, person_id) values 
 (9, 24143), 
 (137, 122770), 
 (137, 122770);
Insert into integrated.death(person_id, place_id, "year", "month", "day") values 
 (131914, 19072, 1811, 3, 28), 
 (141949, 19556, 1870, 3, 25), 
 (202940, 17959, 1909, 5, 19), 
 (338947, 22399, 1835, 6, 29), 
 (490486, 19072, 1827, 11, 12), 
 (492248, 18289, 1918, 12, 9), 
 (735685, 25050, 1881, 6, 5), 
 (833541, 177501, 1922, 10, 1), 
 (1502471, 22399, 1875, 12, 6), 
 (1746096, 18897, 1801, 1, 22), 
 (1819219, 19072, 1903, 6, 15), 
 (1820005, 22399, 1900, 2, 12), 
 (2125069, 21229, 1860, 9, 25), 
 (2130570, 21390, 1903, 12, 10), 
 (2133749, 24292, 1926, 8, 6), 
 (2135749, 22399, 1866, 12, 5), 
 (2135752, 18029, 1751, 6, 5), 
 (2206509, 19556, 1830, 5, 30), 
 (3136067, 22399, 1758, 5, 8), 
 (3428892, 21427, 1795, 1, 13);
Insert into integrated.state(id, name, capital_id, area, population, country_id) values 
 (28, 'Mecklenburg-Vorpommern', null, null, null, 2);
Insert into integrated.book(id, author, title, average_rating, description, edition_information, format, isbd, isbn13, num_pages, publication_date, published, publisher, ratings_count, text_reviews_count) values 
 (20480286, 15819, 'Ueber Deutschland Zur Schiller-Goethe-Zeit (1797 Bis 1806)', 0.0, 'Ueber Deutschland zur Schiller-Goethe-Zeit (1797 bis 1806). This book, "Ueber Deutschland zur Schiller-Goethe-Zeit (1797 bis 1806)," by Garlieb Merkel, is a replication of a book originally published before 1887. It has been restored by human beings, page by page, so that you may enjoy it in a form as close to the original as possible.', null, 'Paperback', '5518956010', '9785518956018', 214, '2014-01-01', 2014, 'Book on Demand Ltd.', 0, 0), 
 (12539233, 15819, 'Latvieöi', 2.9, null, 'Vajadz?ga gr?mata', 'Hardcover', '9984175707', '9789984175706', 216, null, 1999, 'Zvaigzne ABC', 50, 2), 
 (18943337, 15819, 'Vidzemes senatne', 3.0, 'Gar?dzniec?bas un bru?inieku gara piemineklis no Garl?ba Mer?e?a. Jau seödesmit gadus agr?k tas viss bij ies?cies Vidzem?. äe dz?voja latvieöi divpadsmit? gadu simten?, k? jauni atn?c?ji, v?l izklaidu. Vi?i bij gan jau apstr?d?juöi liel?ko tiesu iekö?j?s zemes, bet bez lielciemiem, tikai pa vienam dz?voklim, un maks?ja nodok?us krievu k?aziem, kuri vecos iedz?vot?jus, igau?us un l?vus, bij padar?juöi par saviem maks?t?jiem. ä? tad bij latvieöu valsts v?j?k? da?a, un ö? tad ar? k?uva visagr?k p?r?emta no v?cu laup?t?jiem. Gar?dzniec?g? vilt?ba ievilk?s vispirms, un kad vi?a bij iekli??jusies dz?ves viet?, tad t? aicin?ja l?dzi savus pal?gus, slepkav?bas un laup?öanas k?r?bu, lai viesm?l?gos saimniekus padar?tu par vergiem vi?u paöu m?j?.', null, 'Paperback', null, '9789934834585', 127, null, 2013, 'ARTO-1', 1, 0), 
 (20282247, 15819, 'Die Freien Letten Und Esthen', 0.0, 'Dieses historische Buch kann zahlreiche Tippfehler und fehlende Textpassagen aufweisen. Kaufer konnen in der Regel eine kostenlose eingescannte Kopie des originalen Buches vom Verleger herunterladen (ohne Tippfehler). Ohne Indizes. Nicht dargestellt. 1820 edition. Auszug: ...uberlassen, die Prinkjis pien zur sestern Bestimmung des Gehe r ch s u n d der Abgabe der Bauern, uf das genauest j bestimmen. So bald djeses i gewShnKch/ sich mit ver Menschen Uebe mpiimentirt, si seiner Ergebenheit versichert und altes beim Aten gelassm!" Man ert wage, dass dieser BeschbnZ dte Zeit des Eonven gar nicht ansetzt; dass dieser Eonvent nur die Priueipien, Und zwar nur uber Gehorch und Abgaben, und Seich salls etwts i ml thunlich," uber dje BestrasungFart der Bauern bestimmen sollte: --nichts dagegen uber die staatsburgerlich, Hage und and Rechte desselben;--dass diese Prinzipien aus Kreiskonventen, deren Zeit wieder nicht anberaumt ist, von allen Gutsbesitzern einzeln geprust werden, sollten, was wieder ohne ''sehr weitlaustige Debatten nicht geschehen konnte; dass endlich die Resultate von alle dem zum Adelsconvente zuvuckgehen, und dies'' sie wieder prusen sollte.--. Und wie, wenn diese Resultate in einer Protestation der Mehrheit gegen die ausgestellten Principien des Com vents bestanden?, . Wer diesem Ganze der Hh mit der Mamas solgt, wixH. sich schwerlich enthalten konnen, zu glauben, dass sie zehn Jahr sortschleichen konnte, ehe es zu der Erklarung gedieh, dass sie von vorne Hn. gesangen werden musse; und wahrend diese r Zeit musste jeder neue Landtag Rucksicht dar? ckns neHmen, dass der Ersolg der Arbeiten des Eonvents billig abzuwarten sep. '', i Literatur. Ermunterung zum Gemeingeist. Eine Predigt bei der Eroffnung des KivlZndischen Land ta', null, 'Paperback', '1230449647', '9781230449647', 52, '2013-09-12', 2013, 'Theclassics.Us', 0, 0), 
 (5993046, 15819, 'Vestules Kadai Sievietei', 0.0, null, null, null, '5405003484', '9785405003481', null, null, null, null, 0, 0), 
 (12827527, 15819, 'Briefe', 0.0, null, null, null, null, '2940034034573', null, null, null, null, 0, 0);
Insert into integrated.candidacy(candidate, parliament, constituency, party_id, state_id, result, num, mandate, ended) values 
 (24143, 'b83ce30b77d54731a010dc87edd0b754', null, 9, 28, null, null, 'direkt', null);
