-- generated by Jailer 4.3.5, Sun Jan 10 00:47:07 CET 2016 from jreschke@CE08657
-- 
-- Extraction Model:  integrated.person where last_name = 'Schröder' or last_name = 'Schroeder' (C:\Users\jreschke\Documents\HPI\Informationsintegration\jailer-for-integrated\person-subset.csv)
-- Database URL:      jdbc:postgresql://localhost:5432/infoint
-- Database User:     infoint
-- 
-- Exported Rows:     1500
--     state                          2
--     occupation                     169
--     author                         2
--     function                       3
--     person_country                 7
--     country                        2
--     person_occupation              359
--     politician                     10
--     book                           20
--     death                          77
--     birth                          131
--     party                          7
--     parliament                     7
--     candidacy                      12
--     constituency                   9
--     person_party                   10
--     committee                      3
--     place                          18
--     work                           2
--     auxiliary_income               1
--     related_to                     33
--     person                         616
-- 
Insert into integrated.constituency(uuid, name, area_codes) values 
 ('{15942F3B-4603-453C-9296-97AA1BA2486A}', 'Alstertal-Walddörfer', '{22159,22339,22359,22391,22393,22395,22397,22399,22415,22417}'), 
 ('{35A5F056-68DC-4E3C-B948-5A1EE9FF384C}', 'Vohwinkel-Nord', '{}'), 
 ('{3A2AFB6D-BE37-4A42-98C8-AA1919D812BD}', 'Alstertal - Walddörfer', '{}'), 
 ('{7B93FAF8-23CB-426E-AF8B-36B52EF87F88}', 'Bergedorf', '{21029,21031,21033,21035,21037,21039,22113,22113}'), 
 ('{8245B575-6BC7-4512-A195-32464E18C769}', 'Vohwinkel-Ost', '{}'), 
 ('{90061E4F-8AF5-4F4D-87EE-BFF8B626A32F}', 'Potsdam-Mittelmark II', '{14547,14554,14778,14806,14822,14823,14827,14929,14552}'), 
 ('{B2F4BB64-3B95-4A6C-9FBB-CAC3184EAE4F}', 'Wuppertal III - Solingen II', '{42651,42719,42107,42653,42115,42111,42103,42113,42105,42119,42117,42109,42327,42329,42349}'), 
 ('{EEDAB22F-2323-453C-9E51-C7992CB2B016}', 'Sedansberg', '{}'), 
 ('{F3707382-EC4E-4DD2-802D-F2618D90CAC9}', 'Alstertal - Walddörfer', '{22359,22417,22391,22339,22415,22393,22399,22159,22395,22397}');
Insert into integrated.committee(id, name, url, flyer_url, info_text) values 
 (50, 'Ausschuss für Wirtschaft und Energie', 'http://www.bundestag.de/wirtschaft', null, null), 
 (67, 'Ausschuss für Wahlprüfung, Immunität und Geschäfts', 'http://www.bundestag.de/go', null, null), 
 (71, 'Wahlprüfungsausschuss', 'http://www.bundestag.de/bundestag/ausschuesse18/a01_wpa', null, null);
Insert into integrated.parliament(uuid, name, start_date, end_date, election_date) values 
 ('b83ce30b77d54731a010dc87edd0b754', 'Bundestag', null, null, null), 
 ('{0C5AF86D-F72F-41A2-9A73-139CCFA4270F}', 'Brandenburg', '2014-08-06', '2017-11-11', '2014-09-14'), 
 ('{EACF8ECA-932F-4620-9668-7386013481A0}', 'Hamburg', '2015-01-14', '2020-03-06', '2015-02-15'), 
 ('{C42312B0-DC4E-470E-AC4A-A6C00400C29E}', 'Hamburg 2008-2011', '2008-03-12', '2011-02-20', '2008-02-24'), 
 ('{2289566C-1835-43C7-900E-2B1E5CC4ECCA}', 'Hamburg 2011-2015', '2011-03-07', null, '2011-02-20'), 
 ('{9D92F9F0-2FC1-4279-8DA0-60CC7939BCA3}', 'Nordrhein-Westfalen', '2012-05-13', null, '2012-05-13'), 
 ('{FA9AF262-A053-4F1B-AC9E-EF342049D62B}', 'Wuppertal', null, null, '2014-05-25');
Insert into integrated.occupation(id, label) values 
 (2632, 'Ha?ndler'), 
 (3973, 'Sekreta?rin'), 
 (2242, 'Bauingenieur'), 
 (2467, 'Psychologin'), 
 (3382, 'Kommunikationswissenschaftler'), 
 (4800, 'Flo?tistin'), 
 (2653, 'Polizeibeamter'), 
 (3691, 'Werkstofftechniker'), 
 (6353, 'Ku?rschner'), 
 (30, 'Lehrer'), 
 (2582, 'Bodenkundler'), 
 (3345, 'Generalstaatsanwalt'), 
 (4249, 'Hausfrau'), 
 (3027, 'Restaurator'), 
 (283, 'Krankenpfleger'), 
 (2633, 'Soziologin'), 
 (2608, 'Ministerialbeamter'), 
 (8688, 'Optische Spezialeffekte'), 
 (2206, 'Tierarzt'), 
 (2053, 'Journalist'), 
 (2176, 'Milita?r'), 
 (2875, 'Wissenschaftlerin'), 
 (2132, 'Hochschullehrer'), 
 (7136, 'Maskenbildnerin'), 
 (2573, 'Politikerin'), 
 (2279, 'Respondent'), 
 (8209, 'Hauswirtschafterin'), 
 (2096, 'Archa?ologe'), 
 (4071, 'Assistenza?rztin'), 
 (2261, 'Lyriker'), 
 (2076, 'Landwirt'), 
 (2168, 'Kupferstecher'), 
 (6087, 'Patrizier'), 
 (2099, 'Zahnarzt'), 
 (2044, 'Physiologe'), 
 (2575, 'Fu?hrungskraft'), 
 (2535, 'Anglist'), 
 (2023, 'Arzt'), 
 (2117, 'Kaufmann'), 
 (2623, 'Wirtschaftswissenschaftlerin'), 
 (2048, 'Mathematiker'), 
 (2667, 'Chemikerin'), 
 (2138, 'U?bersetzer'), 
 (2704, 'Musikerin'), 
 (2951, 'Kabarettist'), 
 (2294, 'Agrarwissenschaftler'), 
 (16100, 'Amerikan. Prof. of Management Sciences'), 
 (2078, 'Biologe'), 
 (2278, 'Illustrator'), 
 (3666, 'Kuratorin');
Insert into integrated.occupation(id, label) values 
 (2026, 'Schriftsteller'), 
 (2197, 'Dramaturg'), 
 (2571, 'Betriebswirt'), 
 (2191, 'Maler'), 
 (2583, 'Biologin'), 
 (2230, 'Autor'), 
 (2058, 'Prediger'), 
 (2542, 'Malerin'), 
 (3441, 'Generalkonsul'), 
 (2180, 'Offizier'), 
 (2654, 'Rechtsanwa?ltin'), 
 (3240, 'Neurochirurg'), 
 (2045, 'Priester'), 
 (2039, 'Ingenieur'), 
 (2067, 'Buchha?ndler'), 
 (2280, 'A?rztin'), 
 (1091, 'Rentnerin, Hausfrau'), 
 (2070, 'Chemiker'), 
 (2184, 'Forstwissenschaftler'), 
 (2081, 'Verleger'), 
 (2027, 'Pfarrer'), 
 (2550, 'Kunsthistorikerin'), 
 (2149, 'Sa?nger'), 
 (3094, 'Medienwissenschaftler'), 
 (2322, 'Postbeamter'), 
 (3700, 'Verkaufsleiter'), 
 (27591, 'Cancerologe'), 
 (2272, 'Geograph'), 
 (2093, 'Politiker'), 
 (2031, 'Lehrer'), 
 (4954, 'Landgerichtsdirektor'), 
 (5149, 'Schornsteinfeger'), 
 (3489, 'Tiera?rztin'), 
 (2593, 'Literaturwissenschaftlerin'), 
 (2585, 'Pharmakologe'), 
 (13796, 'Maschinenbau-Ing.'), 
 (2797, 'Dozentin'), 
 (2459, 'Althistoriker'), 
 (2174, 'Mediziner'), 
 (2479, 'Philologin'), 
 (2619, 'Amtsrichter'), 
 (2811, 'Schauspielerin'), 
 (263, 'Studentin'), 
 (2111, 'Rat'), 
 (2502, 'Studienrat'), 
 (3373, 'Medizinerin'), 
 (9652, 'Kriminalpsychologe'), 
 (2089, 'Chirurg'), 
 (2025, 'Jurist'), 
 (2055, 'Philosoph');
Insert into integrated.occupation(id, label) values 
 (4181, 'Bioinformatiker'), 
 (2257, 'Gutsherr'), 
 (16865, 'Dipl.-Wirtsch.-Ing.'), 
 (2390, 'Politologe'), 
 (15561, 'Textverfasser'), 
 (2041, 'Klassischer Philologe'), 
 (2689, 'Tischler'), 
 (2311, 'Autorin'), 
 (2637, 'Juristin'), 
 (2109, 'Physiker'), 
 (2282, 'Historikerin'), 
 (2057, 'Musiker'), 
 (2162, 'Sekreta?r'), 
 (3466, 'Lehrbeauftragter'), 
 (2116, 'Wirtschaftswissenschaftler'), 
 (1093, 'Vorstand der gbs-Hamburg e. V.'), 
 (2022, 'Katholischer Theologe'), 
 (2059, 'Schriftstellerin'), 
 (2270, 'Musikwissenschaftler'), 
 (9058, 'Regieassistentin'), 
 (2183, 'Rektor'), 
 (2638, 'Regisseur'), 
 (2050, 'Mineraloge'), 
 (3342, 'Kameramann'), 
 (2085, 'Ku?nstler'), 
 (2852, 'Drehbuchautor'), 
 (2035, 'Apotheker'), 
 (2043, 'Pa?dagoge'), 
 (2052, 'Gymnasiallehrer'), 
 (2493, 'Fotograf'), 
 (4109, 'Katholische Theologin'), 
 (9481, 'Korrektorin'), 
 (2884, 'Turkologe'), 
 (2142, 'Schauspieler'), 
 (6328, 'Papierha?ndler'), 
 (2905, 'Filmregisseur'), 
 (2046, 'Historiker'), 
 (2107, 'Bibliothekar'), 
 (2086, 'Architekt'), 
 (2369, 'Ku?nstlerin'), 
 (40, 'Selbstständig'), 
 (2198, 'Geologe'), 
 (2805, 'Schlosser'), 
 (3081, 'Porzellanmaler'), 
 (7220, 'Mitwirkung'), 
 (2079, 'Botaniker'), 
 (2029, 'Geistlicher'), 
 (4836, 'Filmregisseurin'), 
 (2066, 'Beamter'), 
 (2167, 'Rechtsanwalt');
Insert into integrated.occupation(id, label) values 
 (2869, 'Zahna?rztin'), 
 (2170, 'Kunsthistoriker'), 
 (2702, 'Friedensrichter'), 
 (2268, 'Oberlehrer'), 
 (2030, 'Philologe'), 
 (3206, 'Wirtschaftsinformatiker'), 
 (2123, 'Unternehmer'), 
 (2240, 'Ratsherr'), 
 (2356, 'Soziologe'), 
 (3090, 'Regisseurin'), 
 (13842, 'Ha?ndlerin'), 
 (3322, 'Hydrologe'), 
 (2431, 'Medizinstudent'), 
 (2118, 'Komponist'), 
 (2380, 'Indologe'), 
 (3292, 'Moderator'), 
 (1, 'k.A.'), 
 (2024, 'Theologe'), 
 (2084, 'Orientalist');
Insert into integrated.party(id, uri, name) values 
 (31, null, 'AfD'), 
 (614, 'http://dbpedia.org/resource/Social_Democratic_Party_of_Germany', 'Sozialdemokratische Partei Deutschlands'), 
 (14, null, 'FDP'), 
 (29, null, 'PIRATEN'), 
 (26, null, 'DIE GRÜNEN'), 
 (28, null, 'CDU'), 
 (9, null, 'CDU/CSU');
Insert into integrated.person(id, first_name, last_name, gender, email, url, twitter, degree, education, dbpedia_uri, wikidata_id, nyt_id, associated_articles_count, nyt_definition) values 
 (1903, 'Karl', 'Schroeder', 'm', null, null, null, null, null, null, null, null, null, null), 
 (7871, 'Melissa', 'Schroeder', 'f', null, null, null, null, null, null, null, null, null, null), 
 (24284, 'Dr. Kristina', 'Schröder', 'f', null, 'http://www.bundestag.de/bundestag/abgeordnete18/biografien/S/schroeder_kristina/259014', null, null, null, null, null, null, null, null), 
 (24286, 'Dr. Ole', 'Schröder', 'm', null, 'http://www.bundestag.de/bundestag/abgeordnete18/biografien/S/schroeder_ole/259084', null, null, null, null, null, null, null, null), 
 (24799, 'Sven', 'Schröder', 'm', null, null, null, null, 'k.A.', null, null, null, null, null), 
 (26485, 'Hans', 'Schröder', 'm', null, null, null, null, null, null, null, null, null, null), 
 (26819, 'Gisela', 'Schröder', 'f', null, null, null, null, 'Diplom-Mathematiker', null, null, null, null, null), 
 (26824, 'Rolf', 'Schröder', 'm', null, null, null, 'Dr.', 'Diplom-Physiker', null, null, null, null, null), 
 (27034, 'Eva', 'Schroeder', 'f', null, null, null, null, 'k.A.', null, null, null, null, null), 
 (28028, 'Bernhard', 'Schroeder', 'm', null, null, null, null, 'k.A.', null, null, null, null, null), 
 (28121, 'Nadia', 'Schröder', 'f', null, null, null, null, 'k.A.', null, null, null, null, null), 
 (125126, 'Louise', 'Schroeder', null, null, null, null, null, null, 'http://dbpedia.org/resource/Louise_Schroeder', null, null, null, null), 
 (134701, 'Christian David', 'Schroeder', null, null, null, null, null, null, null, null, null, null, null), 
 (139019, 'Theodore', 'Schroeder', 'm', null, null, null, null, null, null, null, null, null, null), 
 (142132, 'Arnulf', 'Schroeder', 'm', null, null, null, null, null, null, null, null, null, null), 
 (148972, 'Friedrich', 'Schroeder', null, null, null, null, null, null, null, null, null, null, null), 
 (169241, 'Theodor Wilhelm', 'Schroeder', null, null, null, null, null, null, null, null, null, null, null), 
 (171565, '...', 'Schroeder', null, null, null, null, null, null, null, null, null, null, null), 
 (177757, 'Christiane Dorothea', 'Schroeder', null, null, null, null, null, null, null, null, null, null, null), 
 (178031, 'Heinrich Ernst', 'Schroeder', null, null, null, null, null, null, null, null, null, null, null), 
 (185061, 'Melanie Jessica', 'Schroeder', null, null, null, null, null, null, null, null, null, null, null), 
 (186970, 'Diedrich', 'Schroeder', null, null, null, null, null, null, null, null, null, null, null), 
 (189722, 'Rolf', 'Schroeder', null, null, null, null, null, null, null, null, null, null, null), 
 (209294, 'Johannes H.', 'Schroeder', null, null, null, null, null, null, null, null, null, null, null), 
 (214362, 'Peter W.', 'Schroeder', 'm', null, null, null, null, null, null, null, null, null, null), 
 (218812, 'Birgit', 'Schroeder', 'f', null, null, null, null, null, null, null, null, null, null), 
 (227674, 'Heidi', 'Schroeder', null, null, null, null, null, null, null, null, null, null, null), 
 (227741, 'Rene?e', 'Schroeder', 'f', null, null, null, null, null, null, null, null, null, null), 
 (229730, 'Hans-Bernd', 'Schroeder', null, null, null, null, null, null, null, null, null, null, null), 
 (233323, 'Robert Gotthard', 'Schroeder', null, null, null, null, null, null, null, null, null, null, null), 
 (233381, 'Ernst Ludwig', 'Schroeder', null, null, null, null, null, null, null, null, null, null, null), 
 (233498, 'Caspar Ad.', 'Schroeder', null, null, null, null, null, null, null, null, null, null, null), 
 (233817, 'Ernst Peter Moritz', 'Schroeder', null, null, null, null, null, null, null, null, null, null, null), 
 (233822, 'August', 'Schroeder', null, null, null, null, null, null, null, null, null, null, null), 
 (234730, 'Karsten', 'Schroeder', null, null, null, null, null, null, null, null, null, null, null), 
 (243085, 'Ulrike', 'Schroeder', null, null, null, null, null, null, null, null, null, null, null), 
 (246816, 'Hans-Werner', 'Schroeder', null, null, null, null, null, null, null, null, null, null, null), 
 (250309, 'Urs ?von?', 'Schroeder', null, null, null, null, null, null, null, null, null, null, null), 
 (252429, 'Bernd', 'Schroeder', 'm', null, null, null, null, null, null, null, null, null, null), 
 (260168, 'Peter', 'Schroeder', null, null, null, null, null, null, null, null, null, null, null), 
 (353265, 'Albert', 'Schroeder', 'm', null, null, null, null, null, null, null, null, null, null), 
 (353268, 'Alwin', 'Schroeder', 'm', null, null, null, null, null, null, null, null, null, null), 
 (353277, 'Arthur', 'Schroeder', 'm', null, null, null, null, null, null, null, null, null, null), 
 (353281, 'August', 'Schroeder', 'm', null, null, null, null, null, null, null, null, null, null), 
 (353290, 'Christian Carl', 'Schroeder', 'm', null, null, null, null, null, null, null, null, null, null), 
 (353295, 'Edgar', 'Schroeder', 'm', null, null, null, null, null, null, null, null, null, null), 
 (353297, 'Eduard', 'Schroeder', 'm', null, null, null, null, null, null, null, null, null, null), 
 (353298, 'Eduard August', 'Schroeder', 'm', null, null, null, null, null, null, null, null, null, null), 
 (353303, 'Ernesto', 'Schroeder', 'm', null, null, null, null, null, null, null, null, null, null), 
 (353307, 'Ferdinand', 'Schroeder', 'm', null, null, null, null, null, null, null, null, null, null);
Insert into integrated.person(id, first_name, last_name, gender, email, url, twitter, degree, education, dbpedia_uri, wikidata_id, nyt_id, associated_articles_count, nyt_definition) values 
 (353317, 'Hans', 'Schroeder', 'm', null, null, null, null, null, null, null, null, null, null), 
 (354100, 'Herbert', 'Schroeder', 'm', null, null, null, null, null, null, null, null, null, null), 
 (354113, 'Hermann Alb...', 'Schroeder', 'm', null, null, null, null, null, null, null, null, null, null), 
 (354142, 'Johann Heinrich', 'Schroeder', 'm', null, null, null, null, null, null, null, null, null, null), 
 (354165, 'John Ulrich', 'Schroeder', 'm', null, null, null, null, null, null, null, null, null, null), 
 (354172, 'Isidore', 'Schroeder', 'm', null, null, null, null, null, null, null, null, null, null), 
 (354186, 'Julie', 'Schroeder', 'f', null, null, null, null, null, null, null, null, null, null), 
 (354191, 'Julius', 'Schroeder', 'm', null, null, null, null, null, null, null, null, null, null), 
 (354197, 'Iwan', 'Schroeder', 'm', null, null, null, null, null, null, null, null, null, null), 
 (354218, 'Carl', 'Schroeder', 'm', null, null, null, null, null, null, null, null, null, null), 
 (354226, 'Carl', 'Schroeder', 'm', null, null, null, null, null, null, null, null, null, null), 
 (354240, 'Carl', 'Schroeder', 'm', null, null, null, null, null, null, null, null, null, null), 
 (354257, 'Leopold ?von?', 'Schroeder', 'm', null, null, null, null, null, null, null, null, null, null), 
 (354260, 'Liska', 'Schroeder', 'f', null, null, null, null, null, null, null, null, null, null), 
 (354277, 'Marie', 'Schroeder', 'f', null, null, null, null, null, null, null, null, null, null), 
 (354748, 'Mathias Ludwig', 'Schroeder', 'm', null, null, null, null, null, null, null, null, null, null), 
 (354755, 'Nikolaus Wilhelm', 'Schroeder', 'm', null, null, null, null, null, null, null, null, null, null), 
 (354773, 'Panchita', 'Schroeder', 'f', null, null, null, null, null, null, null, null, null, null), 
 (354776, 'Paul', 'Schroeder', 'm', null, null, null, null, null, null, null, null, null, null), 
 (354779, 'Paul', 'Schroeder', 'm', null, null, null, null, null, null, null, null, null, null), 
 (354788, 'Peter H...', 'Schroeder', 'm', null, null, null, null, null, null, null, null, null, null), 
 (354790, 'Philipp Christian', 'Schroeder', 'm', null, null, null, null, null, null, null, null, null, null), 
 (354844, 'Walther ?von?', 'Schroeder', 'm', null, null, null, null, null, null, null, null, null, null), 
 (354846, 'Walter', 'Schroeder', 'm', null, null, null, null, null, null, null, null, null, null), 
 (354850, 'Wilhelm', 'Schroeder', 'm', null, null, null, null, null, null, null, null, null, null), 
 (403233, 'August Friedrich Albert', 'Schroeder', 'm', null, null, null, null, null, null, null, null, null, null), 
 (403241, 'Karl', 'Schroeder', 'm', null, null, null, null, null, null, null, null, null, null), 
 (403243, 'Paul G. A.', 'Schroeder', 'm', null, null, null, null, null, null, null, null, null, null), 
 (421618, 'Friedrich-Christian', 'Schroeder', 'm', null, null, null, null, null, null, null, null, null, null), 
 (421792, 'Uta', 'Schroeder', null, null, null, null, null, null, null, null, null, null, null), 
 (424223, 'Hiltrud', 'Schroeder', null, null, null, null, null, null, null, null, null, null, null), 
 (436921, 'Binette', 'Schroeder', 'f', null, null, null, null, null, null, null, null, null, null), 
 (436929, 'Mathias L.', 'Schroeder', null, null, null, null, null, null, null, null, null, null, null), 
 (436930, 'Rudolf', 'Schroeder', null, null, null, null, null, null, null, null, null, null, null), 
 (456219, 'Christa', 'Schroeder', 'f', null, null, null, null, null, null, null, null, null, null), 
 (458034, 'Hermann', 'Schroeder', 'm', null, null, null, null, null, null, null, null, null, null), 
 (472371, 'Louise', 'Schroeder', 'f', null, null, null, null, null, null, null, null, null, null), 
 (480200, 'Ernst', 'Schroeder', 'm', null, null, null, null, null, null, null, null, null, null), 
 (480647, 'Klaus-Henning', 'Schroeder', null, null, null, null, null, null, null, null, null, null, null), 
 (485821, 'Margot', 'Schroeder', null, null, null, null, null, null, null, null, null, null, null), 
 (505874, 'Barbet', 'Schroeder', 'm', null, null, null, null, null, null, null, null, null, null), 
 (510801, 'Elisabeth ?von?', 'Schroeder', null, null, null, null, null, null, null, null, null, null, null), 
 (525724, 'Erling', 'Schroeder', null, null, null, null, null, null, null, null, null, null, null), 
 (536513, 'Volker', 'Schroeder', null, null, null, null, null, null, null, null, null, null, null), 
 (542114, 'Veronika', 'Schroeder', null, null, null, null, null, null, null, null, null, null, null), 
 (544775, 'Peter Ludwig', 'Schroeder', null, null, null, null, null, null, null, null, null, null, null), 
 (550656, 'Klaus', 'Schroeder', 'm', null, null, null, null, null, null, null, null, null, null), 
 (553465, 'Frank', 'Schroeder', null, null, null, null, null, null, null, null, null, null, null), 
 (558931, 'Kerstin', 'Schroeder', null, null, null, null, null, null, null, null, null, null, null), 
 (566611, 'Rudolf', 'Schroeder', null, null, null, null, null, null, null, null, null, null, null);
Insert into integrated.person(id, first_name, last_name, gender, email, url, twitter, degree, education, dbpedia_uri, wikidata_id, nyt_id, associated_articles_count, nyt_definition) values 
 (576796, 'Walter', 'Schroeder', null, null, null, null, null, null, null, null, null, null, null), 
 (586206, 'Manfred R.', 'Schroeder', null, null, null, null, null, null, null, null, null, null, null), 
 (586281, 'Johann Karl ?von?', 'Schroeder', 'm', null, null, null, null, null, null, null, null, null, null), 
 (587484, 'Joerg Thomas', 'Schroeder', null, null, null, null, null, null, null, null, null, null, null), 
 (599182, 'Wolfgang C.', 'Schroeder', null, null, null, null, null, null, null, null, null, null, null), 
 (607518, 'Eva', 'Schroeder', null, null, null, null, null, null, null, null, null, null, null), 
 (609689, 'Christian Wilhelm Albert', 'Schroeder', null, null, null, null, null, null, null, null, null, null, null), 
 (614223, 'August', 'Schroeder', null, null, null, null, null, null, null, null, null, null, null), 
 (614550, 'Friedrich Hermann', 'Schroeder', null, null, null, null, null, null, null, null, null, null, null), 
 (617499, 'Ferdinand Carl Wilhelm Adolph', 'Schroeder', null, null, null, null, null, null, null, null, null, null, null), 
 (621004, 'Wolfgang', 'Schroeder', null, null, null, null, null, null, null, null, null, null, null), 
 (622924, 'Andreas', 'Schroeder', null, null, null, null, null, null, null, null, null, null, null), 
 (638722, 'Marco', 'Schroeder', null, null, null, null, null, null, null, null, null, null, null), 
 (648677, 'Cornelia', 'Schroeder', null, null, null, null, null, null, null, null, null, null, null), 
 (651196, 'Heinrich Julius', 'Schroeder', null, null, null, null, null, null, null, null, null, null, null), 
 (651792, 'Antje', 'Schroeder', null, null, null, null, null, null, null, null, null, null, null), 
 (652879, 'Werner', 'Schroeder', 'm', null, null, null, null, null, null, null, null, null, null), 
 (662982, 'Hermann', 'Schroeder', null, null, null, null, null, null, null, null, null, null, null), 
 (662997, 'Hermann', 'Schroeder', null, null, null, null, null, null, null, null, null, null, null), 
 (664464, 'Johannes Theodor Ludwig', 'Schroeder', 'm', null, null, null, null, null, null, null, null, null, null), 
 (679621, 'David P.', 'Schroeder', null, null, null, null, null, null, null, null, null, null, null), 
 (697553, 'Leonie', 'Schroeder', null, null, null, null, null, null, null, null, null, null, null), 
 (702013, 'Horst-Diether', 'Schroeder', null, null, null, null, null, null, null, null, null, null, null), 
 (707415, 'Klaus-Peter', 'Schroeder', 'm', null, null, null, null, null, null, null, null, null, null), 
 (707562, 'Ludwig Conrad', 'Schroeder', null, null, null, null, null, null, null, null, null, null, null), 
 (712476, 'Michael', 'Schroeder', null, null, null, null, null, null, null, null, null, null, null), 
 (721557, 'Karl Franz', 'Schroeder', null, null, null, null, null, null, null, null, null, null, null), 
 (727077, 'Christel', 'Schroeder', null, null, null, null, null, null, null, null, null, null, null), 
 (727310, 'Henry', 'Schroeder', null, null, null, null, null, null, null, null, null, null, null), 
 (731655, 'Bjo?rn Christian', 'Schroeder', null, null, null, null, null, null, null, null, null, null, null), 
 (736138, 'Johann Conrad', 'Schroeder', null, null, null, null, null, null, null, null, null, null, null), 
 (738923, 'Hildegard', 'Schroeder', null, null, null, null, null, null, null, null, null, null, null), 
 (739944, 'Fritz', 'Schroeder', null, null, null, null, null, null, null, null, null, null, null), 
 (739946, 'Fritz', 'Schroeder', null, null, null, null, null, null, null, null, null, null, null), 
 (744633, 'Timm', 'Schroeder', null, null, null, null, null, null, null, null, null, null, null), 
 (750759, 'Johann Hinrich', 'Schroeder', null, null, null, null, null, null, null, null, null, null, null), 
 (759868, 'Liliane', 'Schroeder', null, null, null, null, null, null, null, null, null, null, null), 
 (761195, 'Gerhard', 'Schroeder', null, null, null, null, null, null, null, null, null, null, null), 
 (762226, 'Wolfgang', 'Schroeder', 'm', null, null, null, null, null, null, null, null, null, null), 
 (767731, 'Kerstin', 'Schroeder', null, null, null, null, null, null, null, null, null, null, null), 
 (770087, 'Gordon', 'Schroeder', null, null, null, null, null, null, null, null, null, null, null), 
 (770560, 'Friedrich Heinrich', 'Schroeder', null, null, null, null, null, null, null, null, null, null, null), 
 (775345, 'Bernd', 'Schroeder', null, null, null, null, null, null, null, null, null, null, null), 
 (790562, 'Felix', 'Schroeder', 'm', null, null, null, null, null, null, null, null, null, null), 
 (795989, 'Susanne', 'Schroeder', null, null, null, null, null, null, null, null, null, null, null), 
 (809491, 'William Ralph', 'Schroeder', 'm', null, null, null, null, null, null, null, null, null, null), 
 (810782, 'Felix ?von?', 'Schroeder', 'm', null, null, null, null, null, null, null, null, null, null), 
 (812748, 'Ulla', 'Schroeder', null, null, null, null, null, null, null, null, null, null, null), 
 (826315, 'Lars', 'Schroeder', null, null, null, null, null, null, null, null, null, null, null), 
 (827309, 'Friedrich Heinrich', 'Schroeder', null, null, null, null, null, null, null, null, null, null, null);
Insert into integrated.person(id, first_name, last_name, gender, email, url, twitter, degree, education, dbpedia_uri, wikidata_id, nyt_id, associated_articles_count, nyt_definition) values 
 (849535, 'Matthias', 'Schroeder', null, null, null, null, null, null, null, null, null, null, null), 
 (853371, 'Rudolf', 'Schroeder', null, null, null, null, null, null, null, null, null, null, null), 
 (862100, 'Joachim', 'Schroeder', 'm', null, null, null, null, null, null, null, null, null, null), 
 (878281, 'Alice', 'Schroeder', null, null, null, null, null, null, null, null, null, null, null), 
 (896611, 'Oskar', 'Schroeder', null, null, null, null, null, null, null, null, null, null, null), 
 (897816, 'Lasse Arvi', 'Schroeder', null, null, null, null, null, null, null, null, null, null, null), 
 (897817, 'Marianne', 'Schroeder', null, null, null, null, null, null, null, null, null, null, null), 
 (901241, 'Toni', 'Schroeder', 'f', null, null, null, null, null, null, null, null, null, null), 
 (920341, 'Charles', 'Schroeder', null, null, null, null, null, null, null, null, null, null, null), 
 (920400, 'Wolfgang', 'Schroeder', null, null, null, null, null, null, null, null, null, null, null), 
 (922735, 'Karl-Ludwig', 'Schroeder', null, null, null, null, null, null, null, null, null, null, null), 
 (930175, 'Hans Kaspar', 'Schroeder', null, null, null, null, null, null, null, null, null, null, null), 
 (936340, 'Pat', 'Schroeder', null, null, null, null, null, null, null, null, null, null, null), 
 (943833, 'Doris', 'Schroeder', 'f', null, null, null, null, null, null, null, null, null, null), 
 (970197, 'Anne', 'Schroeder', null, null, null, null, null, null, null, null, null, null, null), 
 (974316, 'Sophia Charlotta', 'Schroeder', null, null, null, null, null, null, null, null, null, null, null), 
 (974576, 'Susanne', 'Schroeder', null, null, null, null, null, null, null, null, null, null, null), 
 (974607, 'Johann', 'Schroeder', null, null, null, null, null, null, null, null, null, null, null), 
 (994163, 'Carl', 'Schroeder', null, null, null, null, null, null, null, null, null, null, null), 
 (999447, 'Frauke', 'Schroeder', null, null, null, null, null, null, null, null, null, null, null), 
 (1000636, 'Juergen', 'Schroeder', null, null, null, null, null, null, null, null, null, null, null), 
 (1010037, 'Wilhelm', 'Schroeder', 'm', null, null, null, null, null, null, null, null, null, null), 
 (1012051, 'Julius', 'Schroeder', null, null, null, null, null, null, null, null, null, null, null), 
 (1024913, 'Manuel', 'Schroeder', null, null, null, null, null, null, null, null, null, null, null), 
 (1033941, 'Bertram', 'Schroeder', null, null, null, null, null, null, null, null, null, null, null), 
 (1053261, 'Edith', 'Schroeder', null, null, null, null, null, null, null, null, null, null, null), 
 (1053640, 'Christel', 'Schroeder', null, null, null, null, null, null, null, null, null, null, null), 
 (1053641, 'Eva', 'Schroeder', null, null, null, null, null, null, null, null, null, null, null), 
 (1053643, 'Henry', 'Schroeder', null, null, null, null, null, null, null, null, null, null, null), 
 (1061366, 'Georg', 'Schroeder', null, null, null, null, null, null, null, null, null, null, null), 
 (1063147, 'Wolfgang', 'Schroeder', null, null, null, null, null, null, null, null, null, null, null), 
 (1070152, 'Heinz G.', 'Schroeder', null, null, null, null, null, null, null, null, null, null, null), 
 (1071526, 'Ludwig Rudolph Wilhelm', 'Schroeder', 'm', null, null, null, null, null, null, null, null, null, null), 
 (1072422, 'Shannin', 'Schroeder', null, null, null, null, null, null, null, null, null, null, null), 
 (1077406, 'Elke', 'Schroeder', null, null, null, null, null, null, null, null, null, null, null), 
 (1079740, 'Nina', 'Schroeder', null, null, null, null, null, null, null, null, null, null, null), 
 (1087380, 'Bruno', 'Schroeder', null, null, null, null, null, null, null, null, null, null, null), 
 (1088446, 'Anton Heinrich Gustav', 'Schroeder', 'm', null, null, null, null, null, null, null, null, null, null), 
 (1096050, 'Susanne', 'Schroeder', null, null, null, null, null, null, null, null, null, null, null), 
 (1096473, 'Andre?', 'Schroeder', 'm', null, null, null, null, null, null, null, null, null, null), 
 (1099941, 'Frank', 'Schroeder', null, null, null, null, null, null, null, null, null, null, null), 
 (1102222, 'Aribert', 'Schroeder', null, null, null, null, null, null, null, null, null, null, null), 
 (1117833, 'Carl Friedrich Gustav', 'Schroeder', 'm', null, null, null, null, null, null, null, null, null, null), 
 (1117855, 'Paul', 'Schroeder', 'm', null, null, null, null, null, null, null, null, null, null), 
 (1130169, 'Prosper', 'Schroeder', null, null, null, null, null, null, null, null, null, null, null), 
 (1157402, 'Carlos Henrique', 'Schroeder', 'm', null, null, null, null, null, null, null, null, null, null), 
 (1160172, 'Andrea', 'Schroeder', null, null, null, null, null, null, null, null, null, null, null), 
 (1161115, 'Horst', 'Schroeder', 'm', null, null, null, null, null, null, null, null, null, null), 
 (1161162, 'Horst', 'Schroeder', 'm', null, null, null, null, null, null, null, null, null, null), 
 (1161167, 'Horst', 'Schroeder', 'm', null, null, null, null, null, null, null, null, null, null);
Insert into integrated.person(id, first_name, last_name, gender, email, url, twitter, degree, education, dbpedia_uri, wikidata_id, nyt_id, associated_articles_count, nyt_definition) values 
 (1165822, 'Andreas', 'Schroeder', null, null, null, null, null, null, null, null, null, null, null), 
 (1167765, 'Karl', 'Schroeder', null, null, null, null, null, null, null, null, null, null, null), 
 (1168989, 'Matt', 'Schroeder', null, null, null, null, null, null, null, null, null, null, null), 
 (1170642, 'Florian', 'Schroeder', null, null, null, null, null, null, null, null, null, null, null), 
 (1171958, 'Johann Gotthard', 'Schroeder', null, null, null, null, null, null, null, null, null, null, null), 
 (1186824, 'Edmund', 'Schroeder', 'm', null, null, null, null, null, null, null, null, null, null), 
 (1198053, 'Hans-Patrick', 'Schroeder', null, null, null, null, null, null, null, null, null, null, null), 
 (1201555, 'Horst', 'Schroeder', 'm', null, null, null, null, null, null, null, null, null, null), 
 (1210967, 'Max Robert Paul', 'Schroeder', 'm', null, null, null, null, null, null, null, null, null, null), 
 (1214040, 'Ralph', 'Schroeder', 'm', null, null, null, null, null, null, null, null, null, null), 
 (1216234, 'Ralf', 'Schroeder', 'm', null, null, null, null, null, null, null, null, null, null), 
 (1226934, 'Karl-Hermann', 'Schroeder', null, null, null, null, null, null, null, null, null, null, null), 
 (1243607, 'Susanne', 'Schroeder', null, null, null, null, null, null, null, null, null, null, null), 
 (1256286, 'Arthur', 'Schroeder', null, null, null, null, null, null, null, null, null, null, null), 
 (1256292, 'Franz', 'Schroeder', null, null, null, null, null, null, null, null, null, null, null), 
 (1256296, 'Paul', 'Schroeder', null, null, null, null, null, null, null, null, null, null, null), 
 (1256297, 'Max', 'Schroeder', null, null, null, null, null, null, null, null, null, null, null), 
 (1259645, 'Gerhard', 'Schroeder', null, null, null, null, null, null, null, null, null, null, null), 
 (1263663, 'Jens', 'Schroeder', null, null, null, null, null, null, null, null, null, null, null), 
 (1271495, 'Bettina', 'Schroeder', 'f', null, null, null, null, null, null, null, null, null, null), 
 (1283798, 'Theodor', 'Schroeder', null, null, null, null, null, null, null, null, null, null, null), 
 (1293304, 'Frank', 'Schroeder', null, null, null, null, null, null, null, null, null, null, null), 
 (1307028, 'Jonathan E.', 'Schroeder', 'm', null, null, null, null, null, null, null, null, null, null), 
 (1320926, 'Carl', 'Schroeder', null, null, null, null, null, null, null, null, null, null, null), 
 (1320930, 'Jochen', 'Schroeder', 'm', null, null, null, null, null, null, null, null, null, null), 
 (1324071, 'Gene', 'Schroeder', null, null, null, null, null, null, null, null, null, null, null), 
 (1339898, 'Wiebke', 'Schroeder', null, null, null, null, null, null, null, null, null, null, null), 
 (1341642, 'Manuel', 'Schroeder', null, null, null, null, null, null, null, null, null, null, null), 
 (1345166, 'Dieter', 'Schroeder', null, null, null, null, null, null, null, null, null, null, null), 
 (1355836, 'Ingrid', 'Schroeder', null, null, null, null, null, null, null, null, null, null, null), 
 (1360304, 'Jan', 'Schroeder', 'm', null, null, null, null, null, null, null, null, null, null), 
 (1362082, 'Praful', 'Schroeder', null, null, null, null, null, null, null, null, null, null, null), 
 (1362408, 'Aaron Harold', 'Schroeder', null, null, null, null, null, null, null, null, null, null, null), 
 (1376616, 'Rudi', 'Schroeder', 'm', null, null, null, null, null, null, null, null, null, null), 
 (1381479, 'Karin', 'Schroeder', 'f', null, null, null, null, null, null, null, null, null, null), 
 (1402556, 'Heike', 'Schroeder', 'f', null, null, null, null, null, null, null, null, null, null), 
 (1404414, 'Thomas Michael', 'Schroeder', null, null, null, null, null, null, null, null, null, null, null), 
 (1414457, 'Regine', 'Schroeder', null, null, null, null, null, null, null, null, null, null, null), 
 (1428700, 'Severin', 'Schroeder', null, null, null, null, null, null, null, null, null, null, null), 
 (1435007, 'Georg ?von?', 'Schroeder', null, null, null, null, null, null, null, null, null, null, null), 
 (1435009, 'Julius ?von?', 'Schroeder', null, null, null, null, null, null, null, null, null, null, null), 
 (1438172, 'Ines', 'Schroeder', null, null, null, null, null, null, null, null, null, null, null), 
 (1471758, 'Michael', 'Schroeder', 'm', null, null, null, null, null, null, null, null, null, null), 
 (1474685, 'Alan', 'Schroeder', null, null, null, null, null, null, null, null, null, null, null), 
 (1477733, 'Anton', 'Schroeder', null, null, null, null, null, null, null, null, null, null, null), 
 (1483441, 'Herbert', 'Schroeder', null, null, null, null, null, null, null, null, null, null, null), 
 (1489016, 'Andre? Johannes', 'Schroeder', null, null, null, null, null, null, null, null, null, null, null), 
 (1504929, 'Natalie', 'Schroeder', null, null, null, null, null, null, null, null, null, null, null), 
 (1506424, 'Eduard Heinrich', 'Schroeder', 'm', null, null, null, null, null, null, null, null, null, null), 
 (1507431, 'Samira', 'Schroeder', null, null, null, null, null, null, null, null, null, null, null);
Insert into integrated.person(id, first_name, last_name, gender, email, url, twitter, degree, education, dbpedia_uri, wikidata_id, nyt_id, associated_articles_count, nyt_definition) values 
 (1522114, 'Daniel V.', 'Schroeder', null, null, null, null, null, null, null, null, null, null, null), 
 (1534733, 'Edgar', 'Schroeder', 'm', null, null, null, null, null, null, null, null, null, null), 
 (1534741, 'Ju?rgen', 'Schroeder', 'm', null, null, null, null, null, null, null, null, null, null), 
 (1556267, 'Heike', 'Schroeder', 'f', null, null, null, null, null, null, null, null, null, null), 
 (1563103, 'Andreas', 'Schroeder', null, null, null, null, null, null, null, null, null, null, null), 
 (1563924, 'Julius ?von?', 'Schroeder', null, null, null, null, null, null, null, null, null, null, null), 
 (1568086, 'Roger G.', 'Schroeder', null, null, null, null, null, null, null, null, null, null, null), 
 (1573200, 'Susan', 'Schroeder', null, null, null, null, null, null, null, null, null, null, null), 
 (1578488, 'Christopher Maximilian', 'Schroeder', null, null, null, null, null, null, null, null, null, null, null), 
 (1581884, 'Franziska', 'Schroeder', null, null, null, null, null, null, null, null, null, null, null), 
 (1582311, 'Melanie', 'Schroeder', null, null, null, null, null, null, null, null, null, null, null), 
 (1599245, 'Matthias', 'Schroeder', null, null, null, null, null, null, null, null, null, null, null), 
 (1605733, 'Sara Ann', 'Schroeder', 'f', null, null, null, null, null, null, null, null, null, null), 
 (1612541, 'Roger', 'Schroeder', null, null, null, null, null, null, null, null, null, null, null), 
 (1645041, 'Dorothea', 'Schroeder', null, null, null, null, null, null, null, null, null, null, null), 
 (1645722, 'Ulrich ?von?', 'Schroeder', 'm', null, null, null, null, null, null, null, null, null, null), 
 (1647784, 'Johannes', 'Schroeder', null, null, null, null, null, null, null, null, null, null, null), 
 (1653856, 'Alice', 'Schroeder', null, null, null, null, null, null, null, null, null, null, null), 
 (1672645, 'Christian', 'Schroeder', null, null, null, null, null, null, null, null, null, null, null), 
 (1674431, 'Albert H.', 'Schroeder', null, null, null, null, null, null, null, null, null, null, null), 
 (1685954, 'Karl', 'Schroeder', 'm', null, null, null, null, null, null, null, null, null, null), 
 (1687738, 'Ariane', 'Schroeder', 'f', null, null, null, null, null, null, null, null, null, null), 
 (1695048, 'Annette', 'Schroeder', null, null, null, null, null, null, null, null, null, null, null), 
 (1695929, 'Gisa', 'Schroeder', null, null, null, null, null, null, null, null, null, null, null), 
 (1700340, 'Otto', 'Schroeder', 'm', null, null, null, null, null, null, null, null, null, null), 
 (1709740, 'Mark Andrew', 'Schroeder', null, null, null, null, null, null, null, null, null, null, null), 
 (1731138, 'Sabine', 'Schroeder', null, null, null, null, null, null, null, null, null, null, null), 
 (1734885, 'Regine', 'Schroeder', 'f', null, null, null, null, null, null, null, null, null, null), 
 (1746990, 'Lars', 'Schroeder', null, null, null, null, null, null, null, null, null, null, null), 
 (1747907, 'Marieke', 'Schroeder', 'f', null, null, null, null, null, null, null, null, null, null), 
 (1759161, 'Rossitza', 'Schroeder', null, null, null, null, null, null, null, null, null, null, null), 
 (1796170, 'Daniela', 'Schroeder', 'f', null, null, null, null, null, null, null, null, null, null), 
 (1819291, 'Barbara', 'Schroeder', null, null, null, null, null, null, null, null, null, null, null), 
 (1824409, 'Arnold', 'Schroeder', null, null, null, null, null, null, null, null, null, null, null), 
 (1836738, 'Johann Georg', 'Schroeder', 'm', null, null, null, null, null, null, null, null, null, null), 
 (1837803, 'Dominik', 'Schroeder', null, null, null, null, null, null, null, null, null, null, null), 
 (1845616, 'Carly', 'Schroeder', 'f', null, null, null, null, null, null, null, null, null, null), 
 (1846317, 'Christian', 'Schroeder', 'm', null, null, null, null, null, null, null, null, null, null), 
 (1850260, 'Andreas', 'Schroeder', null, null, null, null, null, null, null, null, null, null, null), 
 (1856488, 'Irene', 'Schroeder', null, null, null, null, null, null, null, null, null, null, null), 
 (1859685, 'Johann Georg', 'Schroeder', null, null, null, null, null, null, null, null, null, null, null), 
 (1866088, 'Jens', 'Schroeder', null, null, null, null, null, null, null, null, null, null, null), 
 (1868663, 'Ursula C.', 'Schroeder', null, null, null, null, null, null, null, null, null, null, null), 
 (1890229, 'Gertrude E.', 'Schroeder', null, null, null, null, null, null, null, null, null, null, null), 
 (1894789, 'Larry', 'Schroeder', null, null, null, null, null, null, null, null, null, null, null), 
 (1904223, 'Sandra J.', 'Schroeder', null, null, null, null, null, null, null, null, null, null, null), 
 (1908161, 'Patricia', 'Schroeder', null, null, null, null, null, null, null, null, null, null, null), 
 (1913645, 'Klaus G.', 'Schroeder', null, null, null, null, null, null, null, null, null, null, null), 
 (1916194, 'Richard G.', 'Schroeder', null, null, null, null, null, null, null, null, null, null, null), 
 (1924585, 'Ted C.', 'Schroeder', null, null, null, null, null, null, null, null, null, null, null);
Insert into integrated.person(id, first_name, last_name, gender, email, url, twitter, degree, education, dbpedia_uri, wikidata_id, nyt_id, associated_articles_count, nyt_definition) values 
 (1925167, 'Jerzy', 'Schroeder', null, null, null, null, null, null, null, null, null, null, null), 
 (1942106, 'W. W.', 'Schroeder', null, null, null, null, null, null, null, null, null, null, null), 
 (1947058, 'Roger G.', 'Schroeder', 'm', null, null, null, null, null, null, null, null, null, null), 
 (1962675, 'Kai Uwe', 'Schroeder', null, null, null, null, null, null, null, null, null, null, null), 
 (1972326, 'Christopher', 'Schroeder', null, null, null, null, null, null, null, null, null, null, null), 
 (1973727, 'Paul', 'Schroeder', null, null, null, null, null, null, null, null, null, null, null), 
 (1982156, 'Jack', 'Schroeder', null, null, null, null, null, null, null, null, null, null, null), 
 (1996286, 'Dietrich', 'Schroeder', null, null, null, null, null, null, null, null, null, null, null), 
 (1997971, 'Gu?nter', 'Schroeder', null, null, null, null, null, null, null, null, null, null, null), 
 (2020505, 'Ingeborg Karen', 'Schroeder', null, null, null, null, null, null, null, null, null, null, null), 
 (2026439, 'Cyrus', 'Schroeder', null, null, null, null, null, null, null, null, null, null, null), 
 (2034930, 'Robert', 'Schroeder', null, null, null, null, null, null, null, null, null, null, null), 
 (2056839, 'Patricia R.', 'Schroeder', null, null, null, null, null, null, null, null, null, null, null), 
 (2057229, 'Eckhart', 'Schroeder', null, null, null, null, null, null, null, null, null, null, null), 
 (2061458, 'Steven', 'Schroeder', 'm', null, null, null, null, null, null, null, null, null, null), 
 (2063628, 'Christoph', 'Schroeder', null, null, null, null, null, null, null, null, null, null, null), 
 (2076232, 'Christa', 'Schroeder', 'f', null, null, null, null, null, null, null, null, null, null), 
 (2079295, 'Christopher H.', 'Schroeder', null, null, null, null, null, null, null, null, null, null, null), 
 (2084456, 'Cl.', 'Schroeder', null, null, null, null, null, null, null, null, null, null, null), 
 (2097934, 'Conrad', 'Schroeder', 'm', null, null, null, null, null, null, null, null, null, null), 
 (2108322, 'Leop. ?von?', 'Schroeder', null, null, null, null, null, null, null, null, null, null, null), 
 (2112625, 'Albert', 'Schroeder', null, null, null, null, null, null, null, null, null, null, null), 
 (2116102, 'John D.', 'Schroeder', null, null, null, null, null, null, null, null, null, null, null), 
 (2116626, 'Henry Joseph', 'Schroeder', null, null, null, null, null, null, null, null, null, null, null), 
 (2120673, 'Heinrich', 'Schroeder', null, null, null, null, null, null, null, null, null, null, null), 
 (2120690, 'Johann', 'Schroeder', null, null, null, null, null, null, null, null, null, null, null), 
 (2120731, 'Johann Friedrich ?von?', 'Schroeder', null, null, null, null, null, null, null, null, null, null, null), 
 (2120736, 'Theodor Heinrich ?von?', 'Schroeder', null, null, null, null, null, null, null, null, null, null, null), 
 (2120740, 'Johann Friedrich ?von?', 'Schroeder', null, null, null, null, null, null, null, null, null, null, null), 
 (2120744, 'Georg Wilhelm ?von?', 'Schroeder', null, null, null, null, null, null, null, null, null, null, null), 
 (2120751, 'Johann Friedrich ?von?', 'Schroeder', null, null, null, null, null, null, null, null, null, null, null), 
 (2120756, 'Johann Karl ?von?', 'Schroeder', null, null, null, null, null, null, null, null, null, null, null), 
 (2120759, 'Alexander ?von?', 'Schroeder', null, null, null, null, null, null, null, null, null, null, null), 
 (2120761, 'Moritz ?von?', 'Schroeder', null, null, null, null, null, null, null, null, null, null, null), 
 (2120763, 'August ?von?', 'Schroeder', null, null, null, null, null, null, null, null, null, null, null), 
 (2120766, 'Theodor ?von?', 'Schroeder', null, null, null, null, null, null, null, null, null, null, null), 
 (2120769, 'Karl ?von?', 'Schroeder', null, null, null, null, null, null, null, null, null, null, null), 
 (2120773, 'Ernst ?von?', 'Schroeder', null, null, null, null, null, null, null, null, null, null, null), 
 (2122272, 'Woldemar ?von?', 'Schroeder', 'm', null, null, null, null, null, null, null, null, null, null), 
 (2122277, 'Theodor ?von?', 'Schroeder', null, null, null, null, null, null, null, null, null, null, null), 
 (2122279, 'Christoph ?von?', 'Schroeder', null, null, null, null, null, null, null, null, null, null, null), 
 (2122281, 'Paul ?von?', 'Schroeder', null, null, null, null, null, null, null, null, null, null, null), 
 (2122287, 'Felix ?von?', 'Schroeder', 'm', null, null, null, null, null, null, null, null, null, null), 
 (2122990, 'Wilhelm', 'Schroeder', null, null, null, null, null, null, null, null, null, null, null), 
 (2123002, 'Wilhelm', 'Schroeder', null, null, null, null, null, null, null, null, null, null, null), 
 (2123178, 'Adolf', 'Schroeder', null, null, null, null, null, null, null, null, null, null, null), 
 (2123181, 'Max', 'Schroeder', 'm', null, null, null, null, null, null, null, null, null, null), 
 (2123183, 'Martin', 'Schroeder', null, null, null, null, null, null, null, null, null, null, null), 
 (2123188, 'Fritz', 'Schroeder', null, null, null, null, null, null, null, null, null, null, null), 
 (2123191, 'Adolf Martin', 'Schroeder', null, null, null, null, null, null, null, null, null, null, null);
Insert into integrated.person(id, first_name, last_name, gender, email, url, twitter, degree, education, dbpedia_uri, wikidata_id, nyt_id, associated_articles_count, nyt_definition) values 
 (2123388, 'Johann Friedrich', 'Schroeder', null, null, null, null, null, null, null, null, null, null, null), 
 (2123390, 'Matthias', 'Schroeder', null, null, null, null, null, null, null, null, null, null, null), 
 (2123479, 'Adolf Friedrich', 'Schroeder', null, null, null, null, null, null, null, null, null, null, null), 
 (2123485, 'Dorothea', 'Schroeder', null, null, null, null, null, null, null, null, null, null, null), 
 (2123511, 'Hermann', 'Schroeder', null, null, null, null, null, null, null, null, null, null, null), 
 (2123518, 'Karl', 'Schroeder', null, null, null, null, null, null, null, null, null, null, null), 
 (2123603, 'Carl Ludwig', 'Schroeder', null, null, null, null, null, null, null, null, null, null, null), 
 (2123621, 'Ludwig Karl Paul', 'Schroeder', null, null, null, null, null, null, null, null, null, null, null), 
 (2123629, 'Hugo Paul Eduard', 'Schroeder', null, null, null, null, null, null, null, null, null, null, null), 
 (2123758, 'Theodor', 'Schroeder', null, null, null, null, null, null, null, null, null, null, null), 
 (2134173, 'Lisa', 'Schroeder', null, null, null, null, null, null, null, null, null, null, null), 
 (2134386, 'Jan', 'Schroeder', 'm', null, null, null, null, null, null, null, null, null, null), 
 (2143916, 'Frederick-Henry', 'Schroeder', null, null, null, null, null, null, null, null, null, null, null), 
 (2149048, 'Jeannette Amalie Caroline', 'Schroeder', 'f', null, null, null, null, null, null, null, null, null, null), 
 (2157950, 'Johann', 'Schroeder', null, null, null, null, null, null, null, null, null, null, null), 
 (2159078, 'Katrin', 'Schroeder', null, null, null, null, null, null, null, null, null, null, null), 
 (2173407, 'Philipp', 'Schroeder', 'm', null, null, null, null, null, null, null, null, null, null), 
 (2189628, 'Christian', 'Schroeder', null, null, null, null, null, null, null, null, null, null, null), 
 (2192682, 'Go?tz Wigand', 'Schroeder', null, null, null, null, null, null, null, null, null, null, null), 
 (2193878, 'Lilli', 'Schroeder', null, null, null, null, null, null, null, null, null, null, null), 
 (2194141, 'Andreas', 'Schroeder', null, null, null, null, null, null, null, null, null, null, null), 
 (2198148, 'Tom', 'Schroeder', null, null, null, null, null, null, null, null, null, null, null), 
 (2208795, 'Carl Adam', 'Schroeder', 'm', null, null, null, null, null, null, null, null, null, null), 
 (2213211, 'Hans Erich', 'Schroeder', null, null, null, null, null, null, null, null, null, null, null), 
 (2213639, 'Octavio Hermann', 'Schroeder', 'm', null, null, null, null, null, null, null, null, null, null), 
 (2213640, 'Otto Franz', 'Schroeder', 'm', null, null, null, null, null, null, null, null, null, null), 
 (2215443, 'Friedrich', 'Schroeder', null, null, null, null, null, null, null, null, null, null, null), 
 (2216199, 'Gerhard', 'Schroeder', null, null, null, null, null, null, null, null, null, null, null), 
 (2226800, 'Anika', 'Schroeder', null, null, null, null, null, null, null, null, null, null, null), 
 (2235957, 'Media', 'Schroeder', null, null, null, null, null, null, null, null, null, null, null), 
 (2248612, 'Johann Heinrich', 'Schroeder', 'm', null, null, null, null, null, null, null, null, null, null), 
 (2252162, 'Frederick', 'Schroeder', 'm', null, null, null, null, null, null, null, null, null, null), 
 (2254853, 'Nina', 'Schroeder', 'f', null, null, null, null, null, null, null, null, null, null), 
 (2266181, 'Olga', 'Schroeder', null, null, null, null, null, null, null, null, null, null, null), 
 (2277820, 'Carl', 'Schroeder', null, null, null, null, null, null, null, null, null, null, null), 
 (2316816, 'Caroline T.', 'Schroeder', null, null, null, null, null, null, null, null, null, null, null), 
 (2334005, 'Christoph', 'Schroeder', null, null, null, null, null, null, null, null, null, null, null), 
 (2336263, 'Ludwig', 'Schroeder', 'm', null, null, null, null, null, null, null, null, null, null), 
 (2348965, 'C.', 'Schroeder', 'm', null, null, null, null, null, null, null, null, null, null), 
 (2356557, 'Hans Ulrich', 'Schroeder', 'm', null, null, null, null, null, null, null, null, null, null), 
 (2356561, 'Hermann', 'Schroeder', 'm', null, null, null, null, null, null, null, null, null, null), 
 (2356569, 'Johann Wilhelm', 'Schroeder', 'm', null, null, null, null, null, null, null, null, null, null), 
 (2362920, 'Lisa', 'Schroeder', null, null, null, null, null, null, null, null, null, null, null), 
 (2365796, 'Albert', 'Schroeder', 'm', null, null, null, null, null, null, null, null, null, null), 
 (2368819, 'Peter', 'Schroeder', 'm', null, null, null, null, null, null, null, null, null, null), 
 (2379043, 'Kristin', 'Schroeder', 'f', null, null, null, null, null, null, null, null, null, null), 
 (2379314, 'Maika', 'Schroeder', null, null, null, null, null, null, null, null, null, null, null), 
 (2380999, 'Tom', 'Schroeder', null, null, null, null, null, null, null, null, null, null, null), 
 (2381798, 'Erich', 'Schroeder', 'm', null, null, null, null, null, null, null, null, null, null), 
 (2384064, 'Michael', 'Schroeder', null, null, null, null, null, null, null, null, null, null, null);
Insert into integrated.person(id, first_name, last_name, gender, email, url, twitter, degree, education, dbpedia_uri, wikidata_id, nyt_id, associated_articles_count, nyt_definition) values 
 (2394789, 'Horst', 'Schroeder', 'm', null, null, null, null, null, null, null, null, null, null), 
 (2400420, 'Rosel', 'Schroeder', 'f', null, null, null, null, null, null, null, null, null, null), 
 (2416050, 'Andrea', 'Schroeder', 'f', null, null, null, null, null, null, null, null, null, null), 
 (2416688, 'Steven M.', 'Schroeder', 'm', null, null, null, null, null, null, null, null, null, null), 
 (2423490, 'Alfred', 'Schroeder', 'm', null, null, null, null, null, null, null, null, null, null), 
 (2424714, 'Renate', 'Schroeder', null, null, null, null, null, null, null, null, null, null, null), 
 (2426685, 'Johann Jacob', 'Schroeder', 'm', null, null, null, null, null, null, null, null, null, null), 
 (2443345, 'Max', 'Schroeder', 'm', null, null, null, null, null, null, null, null, null, null), 
 (2457794, 'Martin', 'Schroeder', 'm', null, null, null, null, null, null, null, null, null, null), 
 (2472680, 'Christoph', 'Schroeder', null, null, null, null, null, null, null, null, null, null, null), 
 (2473857, 'Moritz', 'Schroeder', 'm', null, null, null, null, null, null, null, null, null, null), 
 (2486480, 'Hans ?von?', 'Schroeder', 'm', null, null, null, null, null, null, null, null, null, null), 
 (2491211, 'Christiane', 'Schroeder', 'f', null, null, null, null, null, null, null, null, null, null), 
 (2501592, 'Katja', 'Schroeder', null, null, null, null, null, null, null, null, null, null, null), 
 (2515749, 'Wilhelm', 'Schroeder', null, null, null, null, null, null, null, null, null, null, null), 
 (2521685, 'Richard A.', 'Schroeder', 'm', null, null, null, null, null, null, null, null, null, null), 
 (2526862, 'Hermann', 'Schroeder', 'm', null, null, null, null, null, null, null, null, null, null), 
 (2528708, 'Christopher M.', 'Schroeder', 'm', null, null, null, null, null, null, null, null, null, null), 
 (2529229, 'Frank Christopher', 'Schroeder', 'm', null, null, null, null, null, null, null, null, null, null), 
 (2536809, 'Elizabeth', 'Schroeder', 'f', null, null, null, null, null, null, null, null, null, null), 
 (2542112, 'Hermann', 'Schroeder', null, null, null, null, null, null, null, null, null, null, null), 
 (2543960, 'Max', 'Schroeder', 'm', null, null, null, null, null, null, null, null, null, null), 
 (2550274, 'E.', 'Schroeder', 'm', null, null, null, null, null, null, null, null, null, null), 
 (2559037, 'Matthias', 'Schroeder', 'm', null, null, null, null, null, null, null, null, null, null), 
 (2582841, 'Brigitte', 'Schroeder', 'f', null, null, null, null, null, null, null, null, null, null), 
 (2582845, 'Michel', 'Schroeder', 'm', null, null, null, null, null, null, null, null, null, null), 
 (2587182, 'Stefanie', 'Schroeder', null, null, null, null, null, null, null, null, null, null, null), 
 (2596483, 'Susan K.', 'Schroeder', 'f', null, null, null, null, null, null, null, null, null, null), 
 (2596975, 'Carl', 'Schroeder', 'm', null, null, null, null, null, null, null, null, null, null), 
 (2611780, 'JiJ', 'Schroeder', 'm', null, null, null, null, null, null, null, null, null, null), 
 (2615188, 'Wilhelm', 'Schroeder', null, null, null, null, null, null, null, null, null, null, null), 
 (2628599, 'Peter', 'Schroeder', 'm', null, null, null, null, null, null, null, null, null, null), 
 (2630419, 'Douglas A.', 'Schroeder', 'm', null, null, null, null, null, null, null, null, null, null), 
 (2636129, 'Heinz', 'Schroeder', 'm', null, null, null, null, null, null, null, null, null, null), 
 (2648850, 'Fabian', 'Schroeder', 'm', null, null, null, null, null, null, null, null, null, null), 
 (2657844, '...', 'Schroeder', null, null, null, null, null, null, null, null, null, null, null), 
 (2692272, 'Werner', 'Schroeder', 'm', null, null, null, null, null, null, null, null, null, null), 
 (2695808, 'Hans', 'Schroeder', null, null, null, null, null, null, null, null, null, null, null), 
 (2696578, 'Rasmus Thomas', 'Schroeder', 'm', null, null, null, null, null, null, null, null, null, null), 
 (2698701, 'Ariane', 'Schroeder', 'f', null, null, null, null, null, null, null, null, null, null), 
 (2703126, 'Friedrich', 'Schroeder', 'm', null, null, null, null, null, null, null, null, null, null), 
 (2703557, 'Robin', 'Schroeder', 'm', null, null, null, null, null, null, null, null, null, null), 
 (2705597, 'Henriette', 'Schroeder', 'f', null, null, null, null, null, null, null, null, null, null), 
 (2741628, 'Hans-Hartmut', 'Schroeder', 'm', null, null, null, null, null, null, null, null, null, null), 
 (2755703, 'Stefanie', 'Schroeder', null, null, null, null, null, null, null, null, null, null, null), 
 (2760815, 'Mareike', 'Schroeder', 'f', null, null, null, null, null, null, null, null, null, null), 
 (2761271, 'Kim-Ninja Anna', 'Schroeder', 'f', null, null, null, null, null, null, null, null, null, null), 
 (2786923, 'Johannes', 'Schroeder', null, null, null, null, null, null, null, null, null, null, null), 
 (2792583, 'Michael', 'Schroeder', 'm', null, null, null, null, null, null, null, null, null, null), 
 (2796382, 'Mathias', 'Schroeder', null, null, null, null, null, null, null, null, null, null, null);
Insert into integrated.person(id, first_name, last_name, gender, email, url, twitter, degree, education, dbpedia_uri, wikidata_id, nyt_id, associated_articles_count, nyt_definition) values 
 (2805221, 'Hedwig', 'Schroeder', null, null, null, null, null, null, null, null, null, null, null), 
 (2820032, 'Stefan', 'Schroeder', 'm', null, null, null, null, null, null, null, null, null, null), 
 (2820850, 'Johann Ro?ttger ?von?', 'Schroeder', 'm', null, null, null, null, null, null, null, null, null, null), 
 (2856098, 'Alfred', 'Schroeder', 'm', null, null, null, null, null, null, null, null, null, null), 
 (2865519, 'Ernst', 'Schroeder', null, null, null, null, null, null, null, null, null, null, null), 
 (2871772, 'Clara Elsbeth Mathilde', 'Schroeder', 'f', null, null, null, null, null, null, null, null, null, null), 
 (2873360, 'Ronny', 'Schroeder', 'm', null, null, null, null, null, null, null, null, null, null), 
 (2874373, 'E. F.', 'Schroeder', null, null, null, null, null, null, null, null, null, null, null), 
 (2885077, 'Hubert E.', 'Schroeder', null, null, null, null, null, null, null, null, null, null, null), 
 (2916218, 'Hans-Joachim', 'Schroeder', null, null, null, null, null, null, null, null, null, null, null), 
 (2969427, 'Hans Detlef', 'Schroeder', null, null, null, null, null, null, null, null, null, null, null), 
 (2969760, 'Joseph J.', 'Schroeder', null, null, null, null, null, null, null, null, null, null, null), 
 (3029937, 'Francis ?de N.?', 'Schroeder', null, null, null, null, null, null, null, null, null, null, null), 
 (3052541, 'Arthur', 'Schroeder', null, null, null, null, null, null, null, null, null, null, null), 
 (3052542, 'Franz Klemens', 'Schroeder', null, null, null, null, null, null, null, null, null, null, null), 
 (3052543, 'Hans Lothar', 'Schroeder', null, null, null, null, null, null, null, null, null, null, null), 
 (3064645, 'Bernhard', 'Schroeder', null, null, null, null, null, null, null, null, null, null, null), 
 (3064646, 'Emmi', 'Schroeder', null, null, null, null, null, null, null, null, null, null, null), 
 (3064647, 'Friedrich', 'Schroeder', null, null, null, null, null, null, null, null, null, null, null), 
 (3064648, 'Gustav-Karl', 'Schroeder', null, null, null, null, null, null, null, null, null, null, null), 
 (3064649, 'Gu?nter Harald', 'Schroeder', null, null, null, null, null, null, null, null, null, null, null), 
 (3064650, 'Gu?nther', 'Schroeder', null, null, null, null, null, null, null, null, null, null, null), 
 (3064651, 'Hans Georg ?von?', 'Schroeder', null, null, null, null, null, null, null, null, null, null, null), 
 (3064652, 'Heinz-Otto', 'Schroeder', null, null, null, null, null, null, null, null, null, null, null), 
 (3064653, 'Hellmut', 'Schroeder', null, null, null, null, null, null, null, null, null, null, null), 
 (3064654, 'Joachim', 'Schroeder', null, null, null, null, null, null, null, null, null, null, null), 
 (3064655, 'Julius Johann', 'Schroeder', null, null, null, null, null, null, null, null, null, null, null), 
 (3064656, 'Rene?', 'Schroeder', null, null, null, null, null, null, null, null, null, null, null), 
 (3064657, 'Ulrich', 'Schroeder', null, null, null, null, null, null, null, null, null, null, null), 
 (3087090, 'Hans L.', 'Schroeder', null, null, null, null, null, null, null, null, null, null, null), 
 (3096497, 'Annelise', 'Schroeder', null, null, null, null, null, null, null, null, null, null, null), 
 (3096498, 'Attila ?Ba?ro??', 'Schroeder', null, null, null, null, null, null, null, null, null, null, null), 
 (3096499, 'Franz', 'Schroeder', null, null, null, null, null, null, null, null, null, null, null), 
 (3102857, 'Friedr.', 'Schroeder', null, null, null, null, null, null, null, null, null, null, null), 
 (3108148, 'Roland', 'Schroeder', null, null, null, null, null, null, null, null, null, null, null), 
 (3117597, 'Barnabas', 'Schroeder', null, null, null, null, null, null, null, null, null, null, null), 
 (3117598, 'Edith ?von?', 'Schroeder', null, null, null, null, null, null, null, null, null, null, null), 
 (3122882, 'G. H.', 'Schroeder', null, null, null, null, null, null, null, null, null, null, null), 
 (3128764, 'Ullrich', 'Schroeder', null, null, null, null, null, null, null, null, null, null, null), 
 (3138132, 'Juliane', 'Schroeder', null, null, null, null, null, null, null, null, null, null, null), 
 (3138284, 'Joanna', 'Schroeder', 'f', null, null, null, null, null, null, null, null, null, null), 
 (3138709, 'Ighsan', 'Schroeder', null, null, null, null, null, null, null, null, null, null, null), 
 (3149774, 'Rolf', 'Schroeder', null, null, null, null, null, null, null, null, null, null, null), 
 (3183631, 'Cornelia', 'Schroeder', null, null, null, null, null, null, null, null, null, null, null), 
 (3183632, 'Eric James', 'Schroeder', null, null, null, null, null, null, null, null, null, null, null), 
 (3183633, 'Frederic M.', 'Schroeder', null, null, null, null, null, null, null, null, null, null, null), 
 (3183634, 'Fritz H.', 'Schroeder', null, null, null, null, null, null, null, null, null, null, null), 
 (3183644, 'Friedrich Adolf', 'Schroeder', null, null, null, null, null, null, null, null, null, null, null), 
 (3186453, 'Paul W.', 'Schroeder', null, null, null, null, null, null, null, null, null, null, null), 
 (3186454, 'Sigurd', 'Schroeder', null, null, null, null, null, null, null, null, null, null, null);
Insert into integrated.person(id, first_name, last_name, gender, email, url, twitter, degree, education, dbpedia_uri, wikidata_id, nyt_id, associated_articles_count, nyt_definition) values 
 (3195561, 'Susan', 'Schroeder', null, null, null, null, null, null, null, null, null, null, null), 
 (3195646, 'Hans-Georg', 'Schroeder', null, null, null, null, null, null, null, null, null, null, null), 
 (3208175, 'Axel', 'Schroeder', null, null, null, null, null, null, null, null, null, null, null), 
 (3214281, 'Romain', 'Schroeder', null, null, null, null, null, null, null, null, null, null, null), 
 (3237573, 'Ansgar', 'Schroeder', null, null, null, null, null, null, null, null, null, null, null), 
 (3247351, 'Ingeborg Karen', 'Schroeder', null, null, null, null, null, null, null, null, null, null, null), 
 (3251043, 'Hans Ju?rgen', 'Schroeder', null, null, null, null, null, null, null, null, null, null, null), 
 (3257903, 'Martina', 'Schroeder', null, null, null, null, null, null, null, null, null, null, null), 
 (3269839, 'Dirk', 'Schroeder', null, null, null, null, null, null, null, null, null, null, null), 
 (3274780, 'Franc?ois-Michel', 'Schroeder', null, null, null, null, null, null, null, null, null, null, null), 
 (3276857, 'Arnold', 'Schroeder', null, null, null, null, null, null, null, null, null, null, null), 
 (3282154, 'Jens', 'Schroeder', null, null, null, null, null, null, null, null, null, null, null), 
 (3285651, 'Gottfried', 'Schroeder', null, null, null, null, null, null, null, null, null, null, null), 
 (3287795, 'Peter Paul', 'Schroeder', null, null, null, null, null, null, null, null, null, null, null), 
 (3295065, 'Johannes', 'Schroeder', null, null, null, null, null, null, null, null, null, null, null), 
 (3297449, 'Babet', 'Schroeder', 'f', null, null, null, null, null, null, null, null, null, null), 
 (3303785, 'Alan', 'Schroeder', null, null, null, null, null, null, null, null, null, null, null), 
 (3306865, 'Claudia', 'Schroeder', null, null, null, null, null, null, null, null, null, null, null), 
 (3311714, 'Jonathan E.', 'Schroeder', null, null, null, null, null, null, null, null, null, null, null), 
 (3312870, 'Richard A.', 'Schroeder', null, null, null, null, null, null, null, null, null, null, null), 
 (3313578, 'Markus', 'Schroeder', null, null, null, null, null, null, null, null, null, null, null), 
 (3315091, 'Theodore W.', 'Schroeder', null, null, null, null, null, null, null, null, null, null, null), 
 (3318543, 'Daniela', 'Schroeder', 'f', null, null, null, null, null, null, null, null, null, null), 
 (3323567, 'Gundula', 'Schroeder', null, null, null, null, null, null, null, null, null, null, null), 
 (3333322, 'Julius ?von?', 'Schroeder', null, null, null, null, null, null, null, null, null, null, null), 
 (3334500, 'Kurt', 'Schroeder', null, null, null, null, null, null, null, null, null, null, null), 
 (3337637, 'Joseph', 'Schroeder', null, null, null, null, null, null, null, null, null, null, null), 
 (3348830, 'Marcel', 'Schroeder', null, null, null, null, null, null, null, null, null, null, null), 
 (3360181, 'Werner', 'Schroeder', null, null, null, null, null, null, null, null, null, null, null), 
 (3367935, 'Frederic M.', 'Schroeder', null, null, null, null, null, null, null, null, null, null, null), 
 (3383052, 'Wilhelm Heinrich', 'Schroeder', null, null, null, null, null, null, null, null, null, null, null), 
 (3383347, 'Johannes Wilhelm', 'Schroeder', null, null, null, null, null, null, null, null, null, null, null), 
 (3410279, 'Nathanael', 'Schroeder', 'm', null, null, null, null, null, null, null, null, null, null), 
 (3446315, '...', 'Schroeder', null, null, null, null, null, null, null, null, null, null, null), 
 (3466835, 'Wilhelm', 'Schroeder', 'm', null, null, null, null, null, null, null, null, null, null), 
 (3467011, 'Max Otto', 'Schroeder', 'm', null, null, null, null, null, null, null, null, null, null), 
 (3467770, 'Friedrich', 'Schroeder', 'm', null, null, null, null, null, null, null, null, null, null), 
 (3469529, 'C.', 'Schroeder', null, null, null, null, null, null, null, null, null, null, null), 
 (3474951, 'Johann Peter', 'Schroeder', 'm', null, null, null, null, null, null, null, null, null, null), 
 (3486565, 'Joann Nikolaus', 'Schroeder', null, null, null, null, null, null, null, null, null, null, null), 
 (3491567, 'Joachim', 'Schroeder', null, null, null, null, null, null, null, null, null, null, null), 
 (3491570, 'Heinrich Josef', 'Schroeder', null, null, null, null, null, null, null, null, null, null, null), 
 (3498287, 'W.', 'Schroeder', null, null, null, null, null, null, null, null, null, null, null), 
 (3503514, 'Rudolf ?von?', 'Schroeder', null, null, null, null, null, null, null, null, null, null, null), 
 (3504472, 'Georg Friedrich', 'Schroeder', null, null, null, null, null, null, null, null, null, null, null), 
 (3516631, 'Otfried', 'Schroeder', null, null, null, null, null, null, null, null, null, null, null), 
 (3519681, 'Hermann', 'Schroeder', null, null, null, null, null, null, null, null, null, null, null), 
 (3527855, 'Theodor', 'Schroeder', null, null, null, null, null, null, null, null, null, null, null), 
 (3528027, 'Johann', 'Schroeder', null, null, null, null, null, null, null, null, null, null, null), 
 (3528297, 'Otto', 'Schroeder', null, null, null, null, null, null, null, null, null, null, null);
Insert into integrated.person(id, first_name, last_name, gender, email, url, twitter, degree, education, dbpedia_uri, wikidata_id, nyt_id, associated_articles_count, nyt_definition) values 
 (3528299, 'Carl ?von?', 'Schroeder', null, null, null, null, null, null, null, null, null, null, null), 
 (3528300, 'R. Hugo', 'Schroeder', null, null, null, null, null, null, null, null, null, null, null), 
 (3529148, 'Johann Lucas', 'Schroeder', null, null, null, null, null, null, null, null, null, null, null), 
 (3529565, 'Georg', 'Schroeder', null, null, null, null, null, null, null, null, null, null, null), 
 (3535460, 'Carl', 'Schroeder', null, null, null, null, null, null, null, null, null, null, null), 
 (3535953, 'Johann Heinrich Ludwig', 'Schroeder', null, null, null, null, null, null, null, null, null, null, null), 
 (3538287, 'Wilhelm', 'Schroeder', null, null, null, null, null, null, null, null, null, null, null), 
 (3554600, 'Paul', 'Schroeder', null, null, null, null, null, null, null, null, null, null, null), 
 (3556219, 'Paul', 'Schroeder', null, null, null, null, null, null, null, null, null, null, null), 
 (3557243, 'Christoph Gottfried', 'Schroeder', null, null, null, null, null, null, null, null, null, null, null), 
 (3558483, 'W.', 'Schroeder', null, null, null, null, null, null, null, null, null, null, null), 
 (3565982, 'Kurt', 'Schroeder', null, null, null, null, null, null, null, null, null, null, null), 
 (3566449, 'Klaus', 'Schroeder', null, null, null, null, null, null, null, null, null, null, null), 
 (3571966, 'August', 'Schroeder', null, null, null, null, null, null, null, null, null, null, null), 
 (3574463, 'Johannes', 'Schroeder', null, null, null, null, null, null, null, null, null, null, null), 
 (3574465, 'Johannes', 'Schroeder', null, null, null, null, null, null, null, null, null, null, null), 
 (3576383, 'Johann', 'Schroeder', null, null, null, null, null, null, null, null, null, null, null), 
 (3577476, 'Theodor Adelbert', 'Schroeder', null, null, null, null, null, null, null, null, null, null, null), 
 (3587318, 'Hermann', 'Schroeder', null, null, null, null, null, null, null, null, null, null, null), 
 (3599271, 'Jeanne Lorraine', 'Schroeder', null, null, null, null, null, null, null, null, null, null, null), 
 (3600682, 'Gerhard', 'Schroeder', null, null, null, null, null, null, null, null, null, null, null), 
 (3600871, 'Joan Vannorsdall', 'Schroeder', null, null, null, null, null, null, null, null, null, null, null), 
 (3604648, 'John William', 'Schroeder', null, null, null, null, null, null, null, null, null, null, null), 
 (3620081, 'Susan', 'Schroeder', null, null, null, null, null, null, null, null, null, null, null), 
 (3637340, 'Manfred', 'Schroeder', 'm', null, null, null, null, null, null, null, null, null, null), 
 (3640082, 'Kathleen', 'Schroeder', null, null, null, null, null, null, null, null, null, null, null), 
 (3684244, 'Losani', 'Schroeder', null, null, null, null, null, null, null, null, null, null, null), 
 (3687676, 'Paul A.', 'Schroeder', null, null, null, null, null, null, null, null, null, null, null), 
 (3693389, 'Mari?a Ine?s', 'Schroeder', null, null, null, null, null, null, null, null, null, null, null), 
 (3730607, 'Adam Lewis', 'Schroeder', null, null, null, null, null, null, null, null, null, null, null), 
 (3739714, 'Ju?rgen', 'Schroeder', 'm', null, null, null, null, null, null, null, null, null, null), 
 (3742156, 'Ernst', 'Schroeder', 'm', null, null, null, null, null, null, null, null, null, null), 
 (3751840, 'Vera', 'Schroeder', 'f', null, null, null, null, null, null, null, null, null, null), 
 (3778762, 'Nicole', 'Schroeder', 'f', null, null, null, null, null, null, null, null, null, null), 
 (3790292, 'Wolfram', 'Schroeder', 'm', null, null, null, null, null, null, null, null, null, null), 
 (3793533, 'Sebastian C.', 'Schroeder', 'm', null, null, null, null, null, null, null, null, null, null), 
 (3811560, 'Kaspar Astrup', 'Schroeder', 'm', null, null, null, null, null, null, null, null, null, null), 
 (3818665, 'Annik', 'Schroeder', 'f', null, null, null, null, null, null, null, null, null, null), 
 (3825514, 'Rudolf-Karl', 'Schroeder', 'm', null, null, null, null, null, null, null, null, null, null), 
 (3827371, 'Rayk', 'Schroeder', 'm', null, null, null, null, null, null, null, null, null, null), 
 (3831758, 'Steffen', 'Schroeder', 'm', null, null, null, null, null, null, null, null, null, null), 
 (3836086, 'Gunnas', 'Schroeder', 'm', null, null, null, null, null, null, null, null, null, null), 
 (3847864, 'Achim', 'Schroeder', 'm', null, null, null, null, null, null, null, null, null, null), 
 (3856621, 'Suzanne', 'Schroeder', 'f', null, null, null, null, null, null, null, null, null, null), 
 (3863647, 'Katharina ?von?', 'Schroeder', 'f', null, null, null, null, null, null, null, null, null, null), 
 (3874205, 'Gunnar', 'Schroeder', 'm', null, null, null, null, null, null, null, null, null, null), 
 (3900809, 'Victor', 'Schroeder', 'm', null, null, null, null, null, null, null, null, null, null), 
 (3900827, 'Hugo', 'Schroeder', 'm', null, null, null, null, null, null, null, null, null, null), 
 (3900879, 'Elisabeth', 'Schroeder', 'f', null, null, null, null, null, null, null, null, null, null), 
 (3900880, 'Eduard', 'Schroeder', 'm', null, null, null, null, null, null, null, null, null, null);
Insert into integrated.person(id, first_name, last_name, gender, email, url, twitter, degree, education, dbpedia_uri, wikidata_id, nyt_id, associated_articles_count, nyt_definition) values 
 (3902992, 'Hans Severin', 'Schroeder', 'm', null, null, null, null, null, null, null, null, null, null), 
 (3912845, 'Gottlieb Adolph', 'Schroeder', 'm', null, null, null, null, null, null, null, null, null, null), 
 (3912846, 'Louise', 'Schroeder', 'f', null, null, null, null, null, null, null, null, null, null), 
 (3912900, 'Bruno', 'Schroeder', 'm', null, null, null, null, null, null, null, null, null, null), 
 (3913704, 'Kurt', 'Schroeder', 'm', null, null, null, null, null, null, null, null, null, null), 
 (3914494, 'Oswald', 'Schroeder', 'm', null, null, null, null, null, null, null, null, null, null), 
 (3916358, 'Hermann', 'Schroeder', 'm', null, null, null, null, null, null, null, null, null, null), 
 (3917656, 'Fritz', 'Schroeder', 'm', null, null, null, null, null, null, null, null, null, null), 
 (3918153, 'Martin', 'Schroeder', 'm', null, null, null, null, null, null, null, null, null, null), 
 (3918437, 'J. J.', 'Schroeder', 'm', null, null, null, null, null, null, null, null, null, null), 
 (3919081, 'Erich', 'Schroeder', 'm', null, null, null, null, null, null, null, null, null, null), 
 (3919175, 'Eduard', 'Schroeder', 'm', null, null, null, null, null, null, null, null, null, null), 
 (3919330, 'Victor', 'Schroeder', 'm', null, null, null, null, null, null, null, null, null, null), 
 (1365292, 'Karl', 'Schro?der', 'm', null, null, null, null, null, null, null, null, null, null), 
 (354145, 'Johann Joachim', 'Schro?der', 'm', null, null, null, null, null, null, null, null, null, null), 
 (3900878, 'Klara', 'Kaiser', 'f', null, null, null, null, null, null, null, null, null, null);
Insert into integrated.country(id, wikidata_id, name) values 
 (2, null, 'Deutschland'), 
 (3, null, 'DE');
Insert into integrated.person_occupation(person_id, occupation_id) values 
 (134701, 2111), 
 (1645041, 3090), 
 (862100, 2043), 
 (3918153, 6328), 
 (353298, 2025), 
 (1320930, 2057), 
 (1161167, 2070), 
 (1435007, 2031), 
 (586206, 2109), 
 (1320926, 2057), 
 (738923, 2479), 
 (1226934, 2025), 
 (354186, 2811), 
 (354277, 2059), 
 (3827371, 8688), 
 (1746990, 2099), 
 (1186824, 2031), 
 (424223, 2633), 
 (3064654, 2206), 
 (2472680, 2027), 
 (2587182, 2550), 
 (2380999, 2638), 
 (2695808, 2025), 
 (1846317, 2043), 
 (2703557, 2356), 
 (24799, 40), 
 (139019, 2025), 
 (3917656, 6328), 
 (1522114, 2109), 
 (214362, 2053), 
 (354846, 2027), 
 (2416688, 2046), 
 (1210967, 2053), 
 (3825514, 2142), 
 (2423490, 2039), 
 (1161162, 2023), 
 (1271495, 2280), 
 (354776, 2502), 
 (2755703, 2467), 
 (28028, 30), 
 (353281, 2052), 
 (809491, 2030), 
 (353277, 3027), 
 (148972, 2085), 
 (3778762, 9058), 
 (2356557, 2180), 
 (2885077, 2099), 
 (1339898, 2057), 
 (1324071, 2057), 
 (227741, 2875);
Insert into integrated.person_occupation(person_id, occupation_id) values 
 (707415, 2025), 
 (2198148, 3292), 
 (403233, 2086), 
 (1201555, 2535), 
 (2123479, 2183), 
 (2079295, 2025), 
 (3900827, 2067), 
 (2336263, 2026), 
 (679621, 2270), 
 (2120731, 2257), 
 (354218, 2022), 
 (727310, 3240), 
 (2873360, 2294), 
 (1582311, 2667), 
 (3831758, 2142), 
 (1307028, 3382), 
 (1214040, 2356), 
 (1836738, 2162), 
 (3919081, 2067), 
 (2123603, 2076), 
 (1747907, 4836), 
 (1070152, 2078), 
 (1695929, 2280), 
 (3183631, 3373), 
 (2120763, 2180), 
 (2123390, 2031), 
 (1645722, 2170), 
 (576796, 2027), 
 (2157950, 2689), 
 (761195, 3691), 
 (1365292, 2118), 
 (1700340, 2041), 
 (1866088, 3094), 
 (1759161, 2550), 
 (707562, 2025), 
 (1947058, 2571), 
 (586281, 2025), 
 (896611, 2024), 
 (2120761, 2180), 
 (3916358, 2067), 
 (3474951, 2702), 
 (652879, 2025), 
 (2381798, 2025), 
 (2122279, 2023), 
 (1024913, 2493), 
 (1734885, 2811), 
 (1685954, 2026), 
 (1471758, 4181), 
 (421618, 2025), 
 (1170642, 2951);
Insert into integrated.person_occupation(person_id, occupation_id) values 
 (2384064, 2116), 
 (2123181, 2123), 
 (1435009, 2132), 
 (2120769, 2023), 
 (510801, 4249), 
 (3863647, 3090), 
 (403241, 2023), 
 (27034, 1), 
 (3195646, 2023), 
 (1198053, 2025), 
 (1731138, 3489), 
 (436930, 2043), 
 (1859685, 2431), 
 (3528297, 2279), 
 (1117855, 2023), 
 (2362920, 4800), 
 (2123511, 5149), 
 (354748, 2026), 
 (3900809, 2067), 
 (26819, 1091), 
 (2120756, 2027), 
 (354260, 2542), 
 (2559037, 2070), 
 (1345166, 2118), 
 (2173407, 2109), 
 (1504929, 2479), 
 (1160172, 9481), 
 (2542112, 2023), 
 (354191, 2079), 
 (2529229, 2191), 
 (2657844, 2168), 
 (2134173, 2059), 
 (1376616, 2057), 
 (2215443, 2043), 
 (3790292, 2852), 
 (3637340, 2043), 
 (2123191, 2123), 
 (1506424, 2067), 
 (2394789, 2052), 
 (189722, 2198), 
 (354113, 2142), 
 (3466835, 2044), 
 (1167765, 2039), 
 (3183634, 27591), 
 (3914494, 2493), 
 (936340, 2573), 
 (3237573, 2099), 
 (2698701, 4109), 
 (3269839, 2025), 
 (2120773, 2023);
Insert into integrated.person_occupation(person_id, occupation_id) values 
 (2120766, 2180), 
 (2266181, 2282), 
 (2536809, 2623), 
 (353307, 2026), 
 (354226, 2118), 
 (354257, 2380), 
 (1534733, 2070), 
 (1355836, 2057), 
 (2356569, 2058), 
 (2112625, 2025), 
 (353317, 2023), 
 (2213639, 2167), 
 (1599245, 2167), 
 (456219, 3973), 
 (2159078, 2280), 
 (246816, 2024), 
 (354142, 2107), 
 (1157402, 2197), 
 (3919175, 2067), 
 (2582845, 2230), 
 (353268, 2057), 
 (2473857, 2025), 
 (1845616, 2811), 
 (2543960, 2057), 
 (485821, 2059), 
 (2368819, 2089), 
 (3856621, 7136), 
 (878281, 2280), 
 (2491211, 2280), 
 (3295065, 13796), 
 (2123758, 2093), 
 (638722, 2035), 
 (1438172, 4071), 
 (2122990, 2805), 
 (1293304, 2026), 
 (2628599, 2261), 
 (1507431, 2583), 
 (2122277, 2023), 
 (2216199, 2123), 
 (897817, 2280), 
 (2120744, 2117), 
 (2061458, 2026), 
 (1489016, 2023), 
 (1672645, 2356), 
 (3312870, 2272), 
 (2486480, 2053), 
 (3276857, 2023), 
 (209294, 2198), 
 (1165822, 2230), 
 (3214281, 2099);
Insert into integrated.person_occupation(person_id, occupation_id) values 
 (1414457, 2623), 
 (2122287, 2066), 
 (2443345, 3081), 
 (550656, 2356), 
 (354145, 2084), 
 (1581884, 2704), 
 (2213640, 3700), 
 (2108322, 15561), 
 (2120673, 6353), 
 (1341642, 2118), 
 (2120740, 2117), 
 (662982, 2023), 
 (1071526, 2174), 
 (2123188, 2123), 
 (1477733, 2023), 
 (1259645, 3322), 
 (1404414, 2023), 
 (1161115, 9652), 
 (849535, 2206), 
 (2596975, 2149), 
 (3297449, 3090), 
 (2116102, 2027), 
 (664464, 2023), 
 (2134386, 2057), 
 (169241, 2023), 
 (458034, 2118), 
 (1908161, 2573), 
 (2123002, 4954), 
 (2097934, 2093), 
 (3847864, 3342), 
 (2056839, 2593), 
 (2123178, 2123), 
 (2120690, 2632), 
 (2416050, 2704), 
 (1360304, 2057), 
 (762226, 2390), 
 (525724, 2638), 
 (3282154, 16865), 
 (1796170, 2654), 
 (1653856, 2059), 
 (1362082, 2057), 
 (3793533, 2638), 
 (3818665, 7136), 
 (2692272, 2025), 
 (3383347, 2045), 
 (1612541, 2024), 
 (3285651, 2279), 
 (354779, 2142), 
 (2120759, 2066), 
 (2123388, 2322);
Insert into integrated.person_occupation(person_id, occupation_id) values 
 (1263663, 2039), 
 (3751840, 2811), 
 (186970, 2582), 
 (1868663, 3466), 
 (354755, 2041), 
 (1837803, 2025), 
 (1117833, 2174), 
 (26824, 1093), 
 (2120751, 2632), 
 (3323567, 2811), 
 (2636129, 2142), 
 (2526862, 2268), 
 (1819291, 2542), 
 (1061366, 2093), 
 (505874, 2905), 
 (1010037, 2023), 
 (354844, 2026), 
 (1256292, 2608), 
 (1563924, 2024), 
 (1168989, 2575), 
 (1088446, 2174), 
 (2501592, 3666), 
 (2760815, 3090), 
 (3836086, 7220), 
 (1033941, 2099), 
 (2856098, 2653), 
 (2123621, 2180), 
 (1605733, 2369), 
 (2703126, 2052), 
 (1283798, 2093), 
 (2596483, 2797), 
 (2252162, 3342), 
 (1687738, 3090), 
 (2356561, 2029), 
 (353303, 2050), 
 (1053643, 2198), 
 (1850260, 3206), 
 (770087, 2099), 
 (566611, 2086), 
 (403243, 3441), 
 (28121, 263), 
 (1362408, 2118), 
 (1474685, 2053), 
 (712476, 2459), 
 (2122281, 2070), 
 (2123629, 2023), 
 (2550274, 2493), 
 (1402556, 2704), 
 (2123485, 13842), 
 (26485, 283);
Insert into integrated.person_occupation(person_id, occupation_id) values 
 (542114, 2550), 
 (2820850, 2240), 
 (250309, 2053), 
 (790562, 2270), 
 (1216234, 2039), 
 (2235957, 2280), 
 (2122272, 2585), 
 (436921, 2542), 
 (1674431, 2096), 
 (2143916, 2242), 
 (3348830, 2493), 
 (2379043, 2583), 
 (1077406, 2869), 
 (472371, 2573), 
 (354240, 2081), 
 (812748, 2369), 
 (922735, 2089), 
 (2741628, 2024), 
 (2254853, 2654), 
 (3318543, 2637), 
 (252429, 2026), 
 (142132, 2138), 
 (1428700, 2055), 
 (2120736, 2257), 
 (3874205, 2230), 
 (1256297, 2176), 
 (2365796, 2023), 
 (2076232, 2573), 
 (2123183, 2123), 
 (2792583, 2278), 
 (1568086, 16100), 
 (3333322, 2184), 
 (2084456, 2031), 
 (901241, 8209), 
 (2582841, 2311), 
 (2515749, 2023), 
 (3128764, 2057), 
 (1171958, 2023), 
 (736138, 2023), 
 (3306865, 2869), 
 (353265, 2191), 
 (2123518, 2619), 
 (810782, 2046), 
 (354165, 3345), 
 (3410279, 6087), 
 (2063628, 2884), 
 (2820032, 2230), 
 (1381479, 2704), 
 (480200, 2085), 
 (2334005, 2023);
Insert into integrated.person_occupation(person_id, occupation_id) values 
 (218812, 2467), 
 (3919330, 2067), 
 (178031, 2023), 
 (1087380, 2206), 
 (3900880, 2067), 
 (260168, 2023), 
 (974576, 2811), 
 (2696578, 2048), 
 (3811560, 2057);
Insert into integrated.politician(person_id, aw_uuid, aw_username, aw_picture_url) values 
 (24284, null, null, null), 
 (24286, null, null, null), 
 (24799, '{8CB4DC73-81B0-4E08-A4DB-8668A2EAF0C1}', 'sven-schroder', 'https://www.abgeordnetenwatch.de/sites/abgeordnetenwatch.de/files/default_images/img_fotodummy_210x140.jpg'), 
 (26485, '{CFB22DE5-6FAB-4DFC-8DA1-0105E9F9DF17}', 'hans-schroder', 'https://www.abgeordnetenwatch.de/sites/abgeordnetenwatch.de/files/default_images/img_fotodummy_210x140.jpg'), 
 (26819, '{6A3E0FFB-F391-430D-A513-FA4EE22D61FD}', 'gisela-schroder', 'https://www.abgeordnetenwatch.de/sites/abgeordnetenwatch.de/files/default_images/img_fotodummy_210x140.jpg'), 
 (26824, '{86972E0B-70E1-4507-8074-27CA4FCECF0F}', 'dr-rolf-schroder', 'https://www.abgeordnetenwatch.de/sites/abgeordnetenwatch.de/files/default_images/img_fotodummy_210x140.jpg'), 
 (27034, '{A364578E-2FDB-4A7B-AE3D-3EC135E2C809}', 'eva-schroeder', 'https://www.abgeordnetenwatch.de/sites/abgeordnetenwatch.de/files/default_images/img_fotodummy_210x140.jpg'), 
 (28028, '{490BA59D-FBAE-4946-9600-ACE911FA1DCF}', 'bernhard-schroeder', 'https://www.abgeordnetenwatch.de/sites/abgeordnetenwatch.de/files/default_images/img_fotodummy_210x140.jpg'), 
 (28121, '{1AFF2E90-DB0E-43B5-8B14-31199FC0A060}', 'nadia-schroder', 'https://www.abgeordnetenwatch.de/sites/abgeordnetenwatch.de/files/default_images/img_fotodummy_210x140.jpg'), 
 (125126, null, null, null);
Insert into integrated.person_country(person_id, country_id) values 
 (28028, 3), 
 (24799, 3), 
 (26485, 3), 
 (26819, 3), 
 (28121, 3), 
 (26824, 3), 
 (27034, 3);
Insert into integrated."work"(id, person_id, name) values 
 (12621, 485821, '?Die? Angst ist baden gegangen'), 
 (178871, 550656, 'Soziales Paradies oder Stasi-Staat?');
Insert into integrated.place(id, name, latitude, longitude, country_id) values 
 (18289, 'Berlin', 'N052.500000', 'E013.416669', null), 
 (26249, 'Uppsala', 'N059.858499', 'E017.645430', null), 
 (29183, 'Dresden-Hellerau', null, null, null), 
 (18508, 'Boston, Mass.', 'N042.358333', 'W071.059722', null), 
 (18296, 'Bern', 'N046.948055', 'E007.447222', null), 
 (25050, 'Wien', 'N048.208199', 'E016.371690', null), 
 (34880, 'Milwaukee, Wis.', 'N043.038899', 'W087.906469', null), 
 (18478, 'Bonn', 'N050.734166', 'E007.095277', null), 
 (23288, 'Rostock', 'N054.088700', 'E012.140489', null), 
 (119451, 'Trier-Pallien', null, null, null), 
 (22590, 'Bad Orb', 'N050.227879', 'E009.347820', null), 
 (20073, 'Hamburg', 'N053.583329', 'E010.000000', null), 
 (23740, 'Schwerin', 'N053.629370', 'E011.413159', null), 
 (19556, 'Freiburg im Breisgau', 'N047.995833', 'E007.852222', null), 
 (19921, 'Grimma', 'N051.233669', 'E012.719590', null), 
 (18620, 'Bu?ckeburg', 'N052.260649', 'E009.049390', null), 
 (20714, 'Karlshafen', 'N051.633055', 'E009.450000', null), 
 (18560, 'Bremen', 'N053.083329', 'E008.833330', null);
Insert into integrated.related_to(person1_id, person2_id, type) values 
 (3900827, 3900880, 'Vater'), 
 (2123181, 3917656, 'Vater'), 
 (1365292, 354226, 'Vater'), 
 (3912846, 3918153, 'Mutter'), 
 (3900827, 3900879, 'Ehemann'), 
 (3912846, 2123181, 'Mutter'), 
 (3912846, 3912845, 'Ehefrau'), 
 (3900809, 3919330, 'Sohn'), 
 (354145, 354755, 'Vater'), 
 (3900880, 3900879, 'Sohn'), 
 (3900879, 3900880, 'Mutter'), 
 (3917656, 2123181, 'Sohn'), 
 (3919330, 3900809, 'Vater'), 
 (3912845, 3912846, 'Ehemann'), 
 (3900878, 1506424, 'Ehefrau'), 
 (3900880, 3900827, 'Sohn'), 
 (3900827, 1506424, 'Sohn'), 
 (354226, 1365292, 'Sohn'), 
 (354257, 2122287, 'Onkel'), 
 (3900878, 3900827, 'Mutter'), 
 (3918153, 3912846, 'Sohn'), 
 (2123181, 3912845, 'Sohn'), 
 (2123181, 3918153, 'Bruder'), 
 (1506424, 3900878, 'Ehemann'), 
 (3900827, 3900878, 'Sohn'), 
 (1506424, 3900827, 'Vater'), 
 (3918153, 2123181, 'Bruder'), 
 (3900879, 3900827, 'Ehefrau'), 
 (2123181, 3912846, 'Sohn'), 
 (3912845, 2123181, 'Vater'), 
 (3918153, 3912845, 'Sohn'), 
 (354755, 354145, 'Sohn'), 
 (3912845, 3918153, 'Vater');
Insert into integrated.author(person_id, fans_count, followers_count, average_rating, ratings_count, goodreads_author) values 
 (1903, 165, 165, 0.0, 0, false), 
 (7871, 1067, 1067, 0.0, 0, true);
Insert into integrated.person_party(party_id, person_id) values 
 (9, 24284), 
 (9, 24286), 
 (31, 24799), 
 (26, 26485), 
 (29, 26819), 
 (29, 26824), 
 (14, 27034), 
 (14, 28028), 
 (28, 28121), 
 (614, 125126), 
 (614, 125126);
Insert into integrated.death(person_id, place_id, "year", "month", "day") values 
 (354226, 18560, 1848, 12, 18), 
 (1096473, 18296, 1918, 4, 22), 
 (586281, 18289, 1923, 4, 17), 
 (2076232, 18620, 1913, 2, 17), 
 (664464, 23288, 1799, 12, 11), 
 (480200, 20073, 1928, 7, 15), 
 (1210967, 18289, 1900, 4, 16), 
 (2097934, 19556, 1933, 11, 22), 
 (2628599, 119451, 1875, 8, 14), 
 (354257, 25050, 1851, 12, 12), 
 (2123181, 19921, 1853, 6, 14), 
 (458034, 22590, 1904, 3, 26), 
 (403241, 18289, 1838, 9, 11), 
 (354165, 29183, 1876, 8, 6), 
 (3474951, 18478, 1753, 6, 17), 
 (2116102, 34880, 1872, 1, 8), 
 (2213639, 20073, 1822, 8, 25), 
 (353268, 18508, 1855, 6, 15), 
 (354142, 26249, 1791, 4, 18), 
 (2123758, 20714, 1860, 3, 8), 
 (1186824, 23740, 1891, 12, 11);
Insert into integrated."function"(committee_id, politician, function_name) values 
 (71, 24284, 'Stellvertretender Vorsitz'), 
 (67, 24284, 'Stellvertretender Vorsitz'), 
 (50, 24284, 'Ordentliches Mitglied');
Insert into integrated.state(id, name, capital_id, area, population, country_id) values 
 (23, 'Schleswig-Holstein', null, null, null, 2), 
 (29, 'Hessen', null, null, null, 2);
Insert into integrated.book(id, author, title, average_rating, description, edition_information, format, isbd, isbn13, num_pages, publication_date, published, publisher, ratings_count, text_reviews_count) values 
 (394020, 7871, 'Grace Under Pressure', 3.79, 'Excitement, danger, and falling for the man of her dreams all have Grace Under Pressure. College professor Grace Michaels has enough on her plate with her research, her ex-fianc showing up in town, her parents parking their RV in front of her house, and her attempt to entice her sexy neighbor, new sheriff, Ren Morello, into having an affair, when someone breaks into her house and office. Ren wants nothing to do with Grace. So what if she looks like a pinup girl from the 50s or that every time shes in his vicinity, he sports a hard-on? She is a woman who would demand commitment and after his nasty divorce from his cheating ex-wife, Ren wants nothing to do with marriage. All he wants is hard fast sex. The problem is, the only woman he can picture it with is Grace. When the threats to Grace turn almost deadly, Ren finds himself in her company more often than not, and keeping his hands off her becomes impossible. But as the danger grows closer, the attraction grows deeper, and Grace must choose between protecting her heart or her life. Warning, this title contains the following: explicit sex, graphic language.', null, 'Paperback', '1599983613', '9781599983615', 220, '2007-02-01', 2007, 'Samhain Publishing', 688, 32), 
 (9859807, 7871, 'A Little Harmless Lie (Harmless, #4)', 4.1, 'Falling for her might be easy, seducing her may be damned hard, but keeping her alive might just be deadly.<br><br>Harmless, Book 4<br><br>Coming from nothing, Micah Ross now has more than he knows what to do with. His Hawaii BDSM club is flourishing, and he has his pick of women. Except one. Dee Sumners is cute, sexy, feisty and, since she s on his payroll, off-limits. Plus, she insists she isn t into the life. Until one heated kiss hints that his head bartender secretly hungers to be his sub.<br><br>Life on the run doesn t allow Dee to indulge in long-term relationships. Still, Micah manages to work his way through her tough armor and under her skin. Yet even as she succumbs to his skilled seduction, her survival instinct forms a plan to leave the island she has grown to love and the man she s in danger of loving.<br><br>When Dee disappears, Micah s anger turns to fear when he realizes she didn t leave willingly. Calling on his skills as a former bounty hunter, he tracks her to the mainland only to discover she is entangled in a web of lies and deceit that not only threatens their love, but her life.Warning: This book contains more Hawaiian settings, a Native American Dom who always thinks he s right, a woman on the run, sexy kisses, murderous relatives, a trip to Sin City, and a seduction that is sweet and hot and everything in between. Ice water and a towel are recommended while reading.', 'Nook', 'ebook', '1609283066', '9781609283063', 265, '2010-12-14', 2010, 'Samhain Publishing, Ltd.', 986, 53), 
 (11469590, 7871, 'A Little Harmless Surprise (Harmless, #3.5)', 3.84, 'Return to Hawaii with May and Evan from A Little Harmless Obsession. It has been a month since the Harmless favorites said "I do" and Evan has a surprise for May. Read all about it his Little Harmless Surprise. <br>Includes:<br>A Little Harmless Surprise-5719 words<br>Melissa''s free Harmless Shorts, A Little Harmless Fling and A Little Harmless Kalikimaka.<br>An exclusive look at A Little Harmless Addiction, Melissa''s June 7th release from Samhain Publishing.<br><br>WARNING This book contains the following: A sassy heroine, a hero who knows exactly what she needs and is not afraid to give it, a little BDSM play, and a sexy cop to share her with. That''s right, a menage, so it is not for the weak of heart. Not to mention, we have two other stories from other HARMLESS stories. Make sure you understand that it isn''t sweet but it''s definitely HARMLESS.<br><br>NOTE: This is not a standalone book. It is a continuation of A Little Harmless Obsession. It is not a long story, just a short for Harmless readers who like to see what happens after the story is done.', null, null, null, null, 54, '2011-05-23', 2011, null, 754, 39), 
 (17638196, 7871, 'Leonardo (The Santinis, #1)', 3.84, 'Leo Santini is a man who always has a plan. It is the way to live a well-ordered life. He never planned on dealing with the hardheaded physical therapist who is taking care of his friend. He definitely never planned on being so totally infatuated with her.<br><br>Maryanne Johnson doesn''t have time for a romanceespecially with a military man. Sure, Leo is drop dead sexy, but more than one man in a uniform had hurt her before. Unfortunately, she can''t seem to resist him or his kisses. It doesn''t help that the man is as sweet as he is sexy. Falling for him is easy, but she does her best to keep herself from admitting it to him.<br><br>Leo knows she wants to keep things simple but when a Santini is in love nothing will stop him from achieving his goaleven the hardheaded woman he loves.', null, 'ebook', null, '9781939734990', 87, '2013-05-03', 2013, 'Melissa Schroeder Publishing', 1055, 112), 
 (12818440, 7871, 'A Little Harmless Submission (Harmless, #6)', 4.03, 'For a tough as nails Dom hunting a sadistic serial killer is nothing compared to losing his heart.<br>Rome Carino is hunting a predator. One who likes to hurt submissives and the most popular BDSM clubs patrons are being targeted. With each fresh kill, he gets more brazen. Rome knows he just needs one little break, but before he can make headway, the FBI shows up. Worse, the uptight, buttoned-down Special Agent Maria Callahan suggests a plan that is dangerous, but worth it because it might just catch the killer. If Rome can keep his mind on the case and off the beautiful FBI agent, he''ll be just fine.<br>Maria is still trying to step out of her legendary father''s shadow and knows just how to do it. Luring the killer by posing as Rome''s new sub seems like a good idea. That is, until undercover becomes real life and she finds herself tangled up with a man who amazes and scares her at the same time. Her growing attraction to the Honolulu Police Detective is a little too much to handle. Even knowing that, she can''t help falling in love with the tough Dom and losing herself in the games they play in the bedroom. <br>Rome is overwhelmed by his need for Maria. He has never had a sub respond to him the way she does and no matter what he does, he feels himself slipping off that cliff into love. As their relationship starts to unfold, he realizes that he will do anything to win her heart, to convince her to become his sub for a lifetime. But before he can do anything, the killer turns his attention on Rome and the one thing he holds dear: Maria.<br><br>WARNING: The following book contains: A Dom who thinks he can do no wrong, a new sub who is about to teach him he can, palm trees, a trip or two to Rough n Ready, a flirty Aussie Dom with questionable motives, old friends, and a new enemy. Yeah, it might be called Harmless, but you Addicts know its anything but.', null, 'ebook', null, '9780578095226', 352, '2011-10-25', 2011, 'Melissa Schroeder', 1172, 107), 
 (8098135, 7871, 'A Little Harmless Addiction (Harmless, #5)', 4.12, 'Falling in love might not be the smart thing, but it might be the one thing they both need. Harmless, Book 5Jocelyn Dupree has come to Hawaii to heal. After a horrific experience with her last boss, she is on the mend and ready to start again. She is focused on rebuilding her life and her career as a pastry chef. She definitely doesn''t need a man in her life, or so she thinks.Kai Aiona has always been the guy to mend a broken heart. Unfortunately, the last heart that was broken was his. He has sworn off damaged women, but he can''t resist Jocelyn''s sad eyes, not to mention her determination to succeed. One little date turns into several and soon, Jocelyn finds herself easily addicted to Kai''s sensual nature. Resisting him becomes impossible, but Jocelyn isn''t ready to trust completely. When Kai discovers she hasn''t been telling him everything, Jocelyn is left with two choices: trust her heart, or let the one man she has ever loved go.', 'Nook', 'ebook', '1609284844', '9781609284848', 203, '2011-06-07', 2011, 'Samhain', 756, 49), 
 (2321054, 1903, 'Pirate Sun (Virga, #3)', 3.96, 'Return to Virga, a bubble universe artificially separated from our own future universe, and the setting of <em>Sun of Suns</em> and <em>Queen of Candesce</em>. <br><br>Chaison Fanning, the admiral of a fleet of warships, has been captured and imprisoned by his enemies, but is suddenly rescued and set free. He flees through the sky to his home city to confront the ruler who betrayed him. And perhaps even to regain his lovely, powerful, and subversive wife, Venera, who he has not seen since she fled with the key to the artificial sun at the center of Virga, Candesce.<br><br>Schroeder sets a whole new standard for hard SF space opera.', null, 'Hardcover', '0765315459', '9780765315458', 320, '2008-08-05', 2008, 'Tor Books', 669, 34), 
 (17910135, 1903, 'Lockstep: A Novel', 3.74, 'When seventeen-year-old Toby McGonigal finds himself lost in space, separated from his family, he expects his next drift into cold sleep to be his last. After all, the planet hes orbiting is frozen and sunless, and the cities are dead. But when Toby wakes again, hes surprised to discover a thriving planet, a strange and prosperous galaxy, and something stranger stillthat hes been asleep for 14,000 years.<br><br>Welcome to the Lockstep Empire, where civilization is kept alive by careful hibernation. Here cold sleeps can last decades and waking moments mere weeks. Its citizens survive for millennia, traveling asleep on long voyages between worlds. Not only is Lockstep the new center of the galaxy, but Toby is shocked to learn that the Empire is still ruled by its founding family: his own.<br><br>Tobys brother Peter has become a terrible tyrant. Suspicious of the return of his long-lost brother, whose rightful inheritance also controls the lockstep hibernation cycles, Peter sees Toby as a threat to his regime. Now, with the help of a lockstep girl named Corva, Toby must survive the forces of this new Empire, outwit his siblings, and save human civilization.<br><br>Karl Schroeder''s <em>Lockstep</em> is a grand innovation in hard SF space opera.', null, 'Hardcover', '0765337266', '9780765337269', 352, '2014-03-25', 2014, 'Tor Books (Macmillan)', 944, 175), 
 (394027, 1903, 'Permanence', 3.73, 'Young Rue Cassels of the Cycler Compact -- a civilization based around remote brown dwarf stars -- is running from her bullying brother, who has threatened to sell her into slavery. Fleeing in a shuttle spacecraft from the sparsely populated and austere comet-mining habitat she has lived in her whole life, she spots a distant, approaching object, and stakes a legal claim to it. It is not the valuable comet she hoped for but something even more wonderful, an abandoned Cycler starship.<br><br>Her discovery unleashes a fury of action, greed, and interstellar intrigue as many factions attempt to take advantage of the last great opportunity to revitalize - and perhaps control - the Compact.<br><br>This is the story of Rue''s quest to visit and claim this ship and its treasures, set against a background of warring empires, strange alien artifacts, and fantastic science. It is a story of hope and danger, of a strange and compelling religion, Permanence, unique to this star-faring age, and of the re-birth of life and belief in a place at the edge of forever.<br>', null, 'Paperback', '0765342855', '9780765342850', 480, '2003-03-14', 2003, 'Tor Science Fiction', 435, 30), 
 (6186127, 1903, 'The Sunless Countries (Virga, #4)', 4.03, 'In an ocean of weightless air where sunlight has never been seen, only the running lights of the city of Sere glitter in the dark. One woman, Leal Hieronyma Maspeth, history tutor and dreamer, lives and dreams of love among the gaslit streets and cafés. And somewhere in the abyss of wind and twisted cloud through which Sere eternally falls, a great voice has begun speaking.<br><br>As its cold words reach even to the city wallsand as outlying towns and travelers ships start to mysteriously disappearonly Leal has the courage to try to understand the message thundering from the distance. Even the citys most famous and exotic visitor, the sun lighter and hero named Hayden Griffin, refuses to turn aside from his commission to build a new sun for a foreign nation. He will not become the hero that Leal knows the city needs; so in the end, it is up to her to listen, and ultimately reply, to the worldwasp.', null, 'Hardcover', '0765320762', '9780765320766', 335, '2009-08-04', 2009, 'Tor Books', 485, 24), 
 (77887, 1903, 'Sun of Suns (Virga, #1)', 3.75, 'It is the distant future. The world known as Virga is a fullerene balloon three thousand kilometers in diameter, filled with air, water, and aimlessly floating chunks of rock. The humans who live in this vast environment must build their own fusion suns and "towns" that are in the shape of enormous wood and rope wheels that are spun for gravity.<br><br>Young, fit, bitter, and friendless, Hayden Griffin is a very dangerous man. He''s come to the city of Rush in the nation of Slipstream with one thing in mind: to take murderous revenge for the deaths of his parents six years ago. His target is Admiral Chaison Fanning, head of the fleet of Slipstream, which conquered Hayden''s nation of Aerie years ago. And the fact that Hayden''s spent his adolescence living with pirates doesn''t bode well for Fanning''s chances...', null, 'Hardcover', '0765315432', '9780765315434', 318, '2006-10-03', 2006, 'Tor Books', 1926, 147), 
 (8478257, 1903, 'Virga: Cities of the Air (Virga, #1.2)', 4.09, 'It is the distant future. The world known as Virga is a fullerene balloon three thousand kilometers in diameter, filled with air, water, and floating chunks of rock. The humans who live in this vast environment must build their own fusion suns and "towns" enormous wood and rope wheels that are spun for centripetal gravity.<br><br>This complex and fascinating world is the setting for the novels of Virga, Karl Schroeder''s interstellar far-future space habitat sealed off from contamination by the rest of the inhabited universe. These books have set a high standard for hard SF adventure in the last decade, and now the first two novels, <em>Sun of Suns </em>and <em>Queen of Candesce</em>, are brought out for the first time in one trade paper omnibus.', null, 'Paperback', '0765326701', '9780765326706', 592, '2010-07-06', 2010, 'Tor Books', 113, 8), 
 (12159921, 1903, 'Ashes of Candesce (Virga, #5)', 4.08, '<div> <p>A world of endless sky, with no land, no gravity:  this is Virga. Beginning in the seminal science fiction novel <em>Sun of Suns</em>, the saga of this striking world has introduced us to the people of stubborn pride and resilience who have made Virga their home; but also, always lurking beyond the walls of the world, to the mysterious threat known only as Artificial Nature. In <em>The Sunless Countries</em>, history tutor Leal Hieronyma Maspeth became the first human in centuries to learn the true nature of this threat. Her reward was exile, but now, in <em>Ashes of Candesce</em>, Artificial Nature makes its final bid to destroy Virga, and it is up to Leal to unite the quarrelling clans of her world to fight the threat.</p> <p><em>Ashes of Candesce</em> brings together all the heroes of the Virga series, and draws the diverse threads of the previous storylines together into one climactic conflict. Blending steampunk styling with a far-future setting and meditations on the posthuman condition, <em>Ashes of Candesce</em> mixes high adventure and cutting-edge ideas in a fitting climax to one of science fictions most innovative series.</p> </div>', null, 'Hardcover', '076532492X', '9780765324924', 381, '2012-02-14', 2012, 'Tor Books', 314, 30), 
 (5570157, 7871, 'A Little Harmless Obsession (Harmless, #3)', 4.08, 'What begins as a quest for submission becomes an unrelenting need for love.<br><br>May Aionas crush on sexy Evan Chambers is a bad habit that should be easy to break. Its not like hes ever noticed her. Looking for a safe place to release the reins of control and explore her curiosity about BDSM, May takes a friend up on an invitation to visit an exclusive bondage cluball she has to agree to is a public submission.<br><br>Evan cant help but notice the exotically beautiful May. But despite his success, the dirty secrets of his past whisper that hell never be good enough for her. When Evan sees her standing in his club ready to submit to his best friend, he gives in to the thing he wants mostMay as his sub. After their session, he knows one night will never be enough. But loving May isnt easy for a man always ready to take charge. She might like to submit in the bedroom, but she doesnt like anyone telling her what to do outside of it.<br><br>When May insists shes not in any danger from the person seemingly obsessed with her, she ends up in the sights of a deranged stalkerwith Evan possibly too far away to help.<br><br>Warning: This book contains sexy Hawaiian settings, crazy relatives, and a submission scene that leaves the heroine breathless and the hero frustrated. There are toys, bondage, and love scenes so hot, youll need ice water and a towel. Remember, its a Harmless story, so you know theres nothing harmless about it', null, 'Kindle Edition', null, null, null, '2010-09-21', 2010, 'Samhain', 1147, 59), 
 (421703, 1903, 'Queen of Candesce (Virga, #2)', 3.95, 'Venera Fanning was last seen falling into nothingness at the end of <em>Sun of Suns</em>. Now, in <em>Queen of Candesce</em>, Venera finds herself plunging through the air among the artificial worlds of Virga, far from home and her husband, who may or may not be alive. Landing in the ancient nation of Spyre, Venera encounters new enemies and new friends (or at least convenient allies). She must quickly learn who she can trust, and who she can manipulate in order to survive.<br> <br>Survival isn''t her only goal; with the powerful Key of Candesce in her hands, she can control the fate of the entire world of Virga, yet something even more pressing is driving her--the all consuming need for revenge.', null, 'Hardcover', '0765315440', '9780765315441', 336, '2007-08-21', 2007, 'Tor Books', 815, 44), 
 (4346151, 7871, 'A Little Harmless Pleasure (Harmless, #2)', 4.04, 'Is it love, or a little harmless pleasure?<br><br>Second in the Harmless series.<br><br>Cynthia Myers meets Chris Dupree at her former fiance''s wedding. After a little dancing, and champagne, she ends up back in Chris''s hotel room. For one night of down and dirty sex. That''s it, that''s all. He lives far away, and she has other things to do...like get a life.<br><br>Chris is a switch. He likes to dominate but he also likes to play the role of a submissive from time to time. His last relationship with a sub turned nasty and since then, he has shied away from anything but straight vanilla sex. When he meets Cynthia, he finds a woman who could change his mind. His mate. The only problem is he has to convince her.<br><br>In a carefully orchestrated seduction, Chris teaches Cynthia about submission and dominance, allowing her take the reins. As he leads her through pleasures she thought she''d never experience, Cynthia''s self confidence soars and she finds herself falling in love with him. But, when he asks for submission in the bedroom, can she surrender to prove her love or was it all about a little harmless pleasure?<br><br>This book was previously published, but has been substantially revised and expanded for Samhain Publishing.', 'Nook', 'ebook', '1599985403', '9781599985404', 198, '2008-02-01', 2008, 'Samhain', 1076, 54), 
 (394024, 1903, 'Ventus', 3.88, 'After terrifying and titanic struggles, a godlike artificial intelligence gone rogue has finally been destroyed. But not before it scattered seeds of itself throughout the galaxy.<br><br>On the terraformed planet Ventus, benign AIs -- the godlike Winds  which shaped and guarded its transformation, have fallen silent. Calandria May is sent down to the surface where she quickly finds that an extension of the rogue AI, a cyborg called Armiger, has planted a strange and powerful device in a young man named Jordan Mason. Jordan has visions. He is desperate to find their meaning and source -- desperate enough to risk awakening the Winds, perhaps invoking the power that can destroy technology to protect the environment they created. <br><br>Ventus is an epic journey across a fascinating planet with two big mysteries -- why have the Winds fallen silent? And is Armiger, or Jordan, carrying a Resurrection Seed?<br>', null, 'Paperback', '0812576357', '9780812576351', 672, '2001-11-19', 2001, 'Tor Science Fiction', 757, 64), 
 (2107165, 7871, 'A Little Harmless Sex (Harmless, #1)', 3.67, 'Is it love, or just a little harmless sex? Book one in the Harmless series.<br>Max has always been Anna''s knight in shining armor. But Max has always seen her as a charming, and very sexy, little sister.<br><br>Until Max''s cold fiance dumps him, Anna unloads another of her many conquests and she invites him over for margaritas and Mexican food. Too much tequila, too much flirting, and too many years of fighting the attraction -- Max loses control and has mind-blowing sex with Anna on her couch. And in her shower. And in her bed.<br><br>When the sun rises the next morning, both of them must face that their night together is just the first of many. For Max, he knows he wants Anna forever, but convincing a commitment-phobe like Anna is no easy task. For Anna, she can''t believe she has finally slipped beneath Max''s steely self-control. He is every woman''s dark, wet fantasy come true. But what happens when the Max pushes Anna for more than just A Little Harmless Sex?<br><br>This book was previously published, but has been substantially revised and expanded for Samhain Publishing.<br><br>Warning, this title contains the following, explicit sex, graphic terms for body parts, torture via silk stockings, a little spanking, and shower and office sex.', null, 'Paperback', '1599984237', '9781599984230', 193, '2007-08-01', 2007, 'Samhain Publishing', 3133, 160), 
 (34009, 1903, 'Lady of Mazes', 3.82, 'Karl Schroeder is one of the new stars of hard SF. His novels, <em>Ventus</em> and <em>Permanence</em>, have established him as a new force in the field. Now he extends his reach into Larry Niven territory, returning to the same distant future in which <em>Ventus</em> was set, but employing a broader canvas. <em>Lady of Mazes</em> is the story of Teven Coronal, a ringworld with a huge multiplicity of human civilizations. It''s the story of what happens when the delicate balance of coexisting worlds is completely destroyed, when the fabric of reality itself is torn. <br><br>Brilliant but troubled Livia Kodaly is Teven''s only hope against invaders both human and superhuman who threaten the fragile ecologies and human diversity. Filled with action, ideas, and intellectual energy, <em>Lady of Mazes</em> is the hard SF novel of the year.<br><br>', null, 'Paperback', '0765350785', '9780765350787', 384, '2006-06-27', 2006, 'Tor Science Fiction', 569, 55), 
 (12967394, 7871, 'Infatuation (A Little Harmless Military Romance, #1)', 3.86, 'To prove her love and save her man, she has to go above and beyond the call of duty.<br><br>Infatuation: A Little Military Harmless Romance<br><br>Francis McKade is a man in lust. Hes had a crush on his best friends little sister for years but he has never acted on it. Besides that fact that shes Malachis sister, hes a Seal and he learned his lesson with his ex-fiancé. Women do not like being left alone for long months at a time. Still, at a wedding in Hawaii anything can happenand does. Unfortunately, after the best night of his life, he and Mal are called away to one of their most dangerous missions.<br><br>Shannon is blown over by Kade. Shes always had a crush on him and after their night together, it starts to feel a little like love. But, after the mission, Kade never calls or writes and she starts to wonder if it was all a dream. Until one night, her brother Mal drags him into her bar and grill and Shannon gets the shock of her life.<br><br>Kade isnt the man Shannon knew in Hawaii, or even the last few years. Losing a friend and being injured changes a man, especially one who had never felt so vulnerable. He still cant shake the terror that keeps him up at night. Worse, he is realizing that the career he loves just might be over.<br><br>Shannon is still mad, but she cant help but hurt for the man she loves. He is darker, a bit more dangerous, but beneath that, he is the Kade she''s known for so many years. When he pushes her to her limits in the bedroom, Shannon refuses to back down. One way or another, this military man is going to learn there is no walking away from lovenot while she still has breath in her body.<br><br>Warning: This book contains two infatuated lovers, some drunken dancing, a hard-headed military man, a determined woman, some old friends, and a little taste of New Orleans. As always, ice water is suggested while reading. It might be the first military Harmless book, but the only thing that has changed is how hot our hero looks in his uniformnot to mention out of it.', null, 'ebook', null, null, 112, '2011-11-14', 2011, null, 890, 93);
Insert into integrated.candidacy(candidate, parliament, constituency, party_id, state_id, result, num, mandate, ended) values 
 (26824, '{EACF8ECA-932F-4620-9668-7386013481A0}', '{7B93FAF8-23CB-426E-AF8B-36B52EF87F88}', 29, null, 0.2, 15, null, null), 
 (26819, '{EACF8ECA-932F-4620-9668-7386013481A0}', '{7B93FAF8-23CB-426E-AF8B-36B52EF87F88}', 29, null, 0.2, 15, null, null), 
 (26485, '{C42312B0-DC4E-470E-AC4A-A6C00400C29E}', '{3A2AFB6D-BE37-4A42-98C8-AA1919D812BD}', 26, null, null, 13, null, null), 
 (24286, 'b83ce30b77d54731a010dc87edd0b754', null, 9, 23, null, null, 'direkt', null), 
 (27034, '{9D92F9F0-2FC1-4279-8DA0-60CC7939BCA3}', '{B2F4BB64-3B95-4A6C-9FBB-CAC3184EAE4F}', 14, null, 5.6, 33, null, null), 
 (26485, '{2289566C-1835-43C7-900E-2B1E5CC4ECCA}', '{F3707382-EC4E-4DD2-802D-F2618D90CAC9}', 26, null, null, 13, null, null), 
 (28028, '{FA9AF262-A053-4F1B-AC9E-EF342049D62B}', '{35A5F056-68DC-4E3C-B948-5A1EE9FF384C}', 14, null, null, 33, null, null), 
 (24799, '{0C5AF86D-F72F-41A2-9A73-139CCFA4270F}', '{90061E4F-8AF5-4F4D-87EE-BFF8B626A32F}', 31, null, 9.9, 18, null, null), 
 (24284, 'b83ce30b77d54731a010dc87edd0b754', null, 9, 29, null, null, 'direkt', null), 
 (28121, '{FA9AF262-A053-4F1B-AC9E-EF342049D62B}', '{EEDAB22F-2323-453C-9E51-C7992CB2B016}', 28, null, null, 52, null, null), 
 (27034, '{FA9AF262-A053-4F1B-AC9E-EF342049D62B}', '{8245B575-6BC7-4512-A195-32464E18C769}', 14, null, null, 31, null, null), 
 (26485, '{EACF8ECA-932F-4620-9668-7386013481A0}', '{15942F3B-4603-453C-9296-97AA1BA2486A}', 26, null, 1.1, 13, null, null);
